timestamp,open_price,high_price,low_price,close_price,volume,amount,count,buy_volume,buy_amount
2026-01-15 14:30:00+00:00,260.6499938964844,261.0299987792969,259.7799987792969,260.69000244140625,2499572,651613430.7824707,,,
2026-01-15 14:45:00+00:00,260.69500732421875,260.9800109863281,259.6199951171875,260.17999267578125,992766,258297850.60876465,,,
2026-01-15 15:00:00+00:00,260.0899963378906,260.57000732421875,259.8999938964844,260.239990234375,920913,239658390.12670898,,,
2026-01-15 15:15:00+00:00,260.2900085449219,260.67999267578125,259.8999938964844,260.10009765625,632889,164614490.7055664,,,
2026-01-15 15:30:00+00:00,260.1400146484375,260.78509521484375,259.9100036621094,259.9549865722656,742027,192893618.82125854,,,
2026-01-15 15:45:00+00:00,259.92999267578125,259.989990234375,259.19000244140625,259.92999267578125,752020,195472553.09204102,,,
2026-01-15 16:00:00+00:00,259.9599914550781,260.239990234375,259.739990234375,259.8800048828125,708281,184068069.73840332,,,
2026-01-15 16:15:00+00:00,259.8699951171875,260.6000061035156,259.7900085449219,260.4949951171875,592916,154451650.52490234,,,
2026-01-15 16:30:00+00:00,260.5,260.6300048828125,260.2900085449219,260.5400085449219,505239,131634973.37722778,,,
2026-01-15 16:45:00+00:00,260.5400085449219,260.54998779296875,259.9200134277344,259.9849853515625,560504,145722624.2294922,,,
2026-01-15 17:00:00+00:00,259.9700012207031,260.2850036621094,259.94000244140625,260.0199890136719,547091,142254595.80947876,,,
2026-01-15 17:15:00+00:00,260.0191955566406,260.20001220703125,259.29998779296875,259.3299865722656,509824,132212651.07421875,,,
2026-01-15 17:30:00+00:00,259.3399963378906,259.3999938964844,258.0,258.9901123046875,1219650,315877290.4724121,,,
2026-01-15 17:45:00+00:00,258.989990234375,259.17999267578125,258.8399963378906,258.94000244140625,459531,118990958.26190186,,,
2026-01-15 18:00:00+00:00,258.9200134277344,259.2799987792969,258.8999938964844,259.1600036621094,394297,102186011.96395874,,,
2026-01-15 18:15:00+00:00,259.17999267578125,259.56500244140625,259.0799865722656,259.5299987792969,399237,103613978.12265015,,,
2026-01-15 18:30:00+00:00,259.54998779296875,259.75,259.4700012207031,259.6600036621094,438293,113807161.9850769,,,
2026-01-15 18:45:00+00:00,259.6499938964844,259.6600036621094,259.2200012207031,259.2300109863281,375771,97411120.4583435,,,
2026-01-15 19:00:00+00:00,259.2200012207031,259.2200012207031,258.4599914550781,258.6400146484375,537655,139059097.07580566,,,
2026-01-15 19:15:00+00:00,258.6400146484375,258.7398986816406,258.260009765625,258.32000732421875,652129,168457968.05633545,,,
2026-01-15 19:30:00+00:00,258.3434143066406,258.45001220703125,257.66009521484375,257.69989013671875,850454,219161902.366333,,,
2026-01-15 19:45:00+00:00,257.69000244140625,258.125,257.5,257.6099853515625,796778,205257968.90844727,,,
2026-01-15 20:00:00+00:00,257.6000061035156,257.79998779296875,257.3900146484375,257.4092102050781,638338,164314080.42388916,,,
2026-01-15 20:15:00+00:00,257.3800048828125,257.6700134277344,257.04998779296875,257.6700134277344,872696,224867590.03833008,,,
2026-01-15 20:30:00+00:00,257.6575012207031,257.6700134277344,257.2349853515625,257.4512023925781,799703,205884498.9069519,,,
2026-01-15 20:45:00+00:00,257.4599914550781,258.3800048828125,257.1099853515625,258.3299865722656,1934208,499663926.66796875,,,
2026-01-16 14:30:00+00:00,257.8800048828125,258.8999938964844,257.49468994140625,257.55999755859375,8285086,2133906729.9327393,,,
2026-01-16 14:45:00+00:00,257.5799865722656,257.79998779296875,256.7699890136719,256.8500061035156,1422067,365257917.62960815,,,
2026-01-16 15:00:00+00:00,256.8500061035156,257.25,256.6199951171875,256.8800048828125,886868,227818656.17041016,,,
2026-01-16 15:15:00+00:00,256.8900146484375,257.0199890136719,256.4601135253906,256.80999755859375,684784,175859377.36816406,,,
2026-01-16 15:30:00+00:00,256.80999755859375,256.9200134277344,256.05999755859375,256.3599853515625,786675,201671991.47644043,,,
2026-01-16 15:45:00+00:00,256.3599853515625,256.6300048828125,256.2401123046875,256.5799865722656,537809,137991025.9984436,,,
2026-01-16 16:00:00+00:00,256.57000732421875,256.8699951171875,256.364990234375,256.7294006347656,663309,170290922.00564575,,,
2026-01-16 16:15:00+00:00,256.7200012207031,256.739990234375,256.1300048828125,256.4399108886719,803040,205931506.04003906,,,
2026-01-16 16:30:00+00:00,256.426513671875,256.6099853515625,256.2200012207031,256.54998779296875,655789,168242659.94476318,,,
2026-01-16 16:45:00+00:00,256.54998779296875,256.6300048828125,255.9499969482422,256.1669921875,727465,186352520.9716797,,,
2026-01-16 17:00:00+00:00,256.17999267578125,256.54998779296875,256.05999755859375,256.2799987792969,687001,176064615.44137573,,,
2026-01-16 17:15:00+00:00,256.2699890136719,256.3699951171875,255.82000732421875,255.8300018310547,726462,185850774.79019165,,,
2026-01-16 17:30:00+00:00,255.8300018310547,255.8800048828125,255.14999389648438,255.39990234375,1177120,300636333.046875,,,
2026-01-16 17:45:00+00:00,255.38040161132812,255.41000366210938,254.92999267578125,255.1699981689453,945788,241336722.22821045,,,
2026-01-16 18:00:00+00:00,255.18649291992188,255.60000610351562,255.08999633789062,255.48049926757812,732093,187035485.15029907,,,
2026-01-16 18:15:00+00:00,255.49000549316406,256.08990478515625,255.49000549316406,256.0299987792969,751143,192315141.3730774,,,
2026-01-16 18:30:00+00:00,256.0299987792969,256.7409973144531,255.9199981689453,256.7099914550781,862368,221378481.9111328,,,
2026-01-16 18:45:00+00:00,256.7099914550781,256.8500061035156,256.4849853515625,256.54998779296875,575040,147526504.98046875,,,
2026-01-16 19:00:00+00:00,256.5400085449219,257.1499938964844,256.260009765625,256.2699890136719,724692,185716810.8782959,,,
2026-01-16 19:15:00+00:00,256.2699890136719,256.4200134277344,255.9149932861328,256.0,649880,166369280.0,,,
2026-01-16 19:30:00+00:00,256.0,256.75,255.94000244140625,256.55999755859375,608705,156169353.3139038,,,
2026-01-16 19:45:00+00:00,256.5950012207031,256.9700012207031,256.5299987792969,256.5899963378906,626730,160812648.4048462,,,
2026-01-16 20:00:00+00:00,256.5799865722656,256.8500061035156,256.1099853515625,256.1549987792969,610611,156411059.95962524,,,
2026-01-16 20:15:00+00:00,256.17010498046875,256.3500061035156,255.97500610351562,256.17999267578125,802772,205654125.08032227,,,
2026-01-16 20:30:00+00:00,256.1700134277344,256.4725036621094,255.63999938964844,255.64999389648438,972900,248721879.06188965,,,
2026-01-16 20:45:00+00:00,255.64999389648438,255.8800048828125,255.1300048828125,255.47999572753906,2538659,648576590.4736786,,,
2026-01-20 14:30:00+00:00,252.50999450683594,254.7899932861328,252.36000061035156,253.07000732421875,4775257,1208474323.9650269,,,
2026-01-20 14:45:00+00:00,253.0800018310547,253.17999267578125,251.86000061035156,252.5800018310547,1671773,422256427.4011078,,,
2026-01-20 15:00:00+00:00,252.47000122070312,252.75999450683594,251.02000427246094,251.13999938964844,1414733,355296044.7565155,,,
2026-01-20 15:15:00+00:00,251.1699981689453,251.74000549316406,250.85000610351562,251.61570739746094,1225790,308428017.97073364,,,
2026-01-20 15:30:00+00:00,251.63999938964844,251.6999969482422,251.0,251.5399932861328,1032328,259671778.1890869,,,
2026-01-20 15:45:00+00:00,251.5399932861328,251.69000244140625,250.89999389648438,251.5500030517578,899363,226234765.39463806,,,
2026-01-20 16:00:00+00:00,251.57000732421875,252.1300048828125,251.45010375976562,251.67999267578125,691871,174130088.21258545,,,
2026-01-20 16:15:00+00:00,251.6699981689453,251.67999267578125,250.69000244140625,251.30499267578125,743572,186863356.01391602,,,
2026-01-20 16:30:00+00:00,251.3000030517578,251.58999633789062,250.82000732421875,250.8502960205078,705338,176934246.09451294,,,
2026-01-20 16:45:00+00:00,250.8800048828125,251.25999450683594,250.35000610351562,251.1999969482422,901663,226497742.8483429,,,
2026-01-20 17:00:00+00:00,251.1999969482422,251.27999877929688,250.66000366210938,250.75999450683594,537205,134709522.8490448,,,
2026-01-20 17:15:00+00:00,250.77000427246094,250.88999938964844,250.5,250.55999755859375,533051,133561257.25860596,,,
2026-01-20 17:30:00+00:00,250.52000427246094,250.6999969482422,250.2100067138672,250.3302001953125,596285,149268143.4234619,,,
2026-01-20 17:45:00+00:00,250.35000610351562,250.44500732421875,250.0800018310547,250.27000427246094,685457,171549326.31858826,,,
2026-01-20 18:00:00+00:00,250.24000549316406,250.5,249.55999755859375,249.7100067138672,1084253,270748823.90953064,,,
2026-01-20 18:15:00+00:00,249.72000122070312,249.9199981689453,249.0800018310547,249.19500732421875,613241,152816595.48651123,,,
2026-01-20 18:30:00+00:00,249.17999267578125,249.22999572753906,248.5,248.6199951171875,902891,224476756.01135254,,,
2026-01-20 18:45:00+00:00,248.61000061035156,248.66650390625,248.24119567871094,248.52999877929688,759635,188792085.62271118,,,
2026-01-20 19:00:00+00:00,248.5399932861328,248.67999267578125,248.04010009765625,248.1300048828125,788322,195606341.70922852,,,
2026-01-20 19:15:00+00:00,248.1300048828125,248.22000122070312,247.4199981689453,247.45249938964844,901136,222988355.48999023,,,
2026-01-20 19:30:00+00:00,247.4499969482422,248.17999267578125,247.25999450683594,247.7030029296875,1051734,260517670.08325195,,,
2026-01-20 19:45:00+00:00,247.6999969482422,247.7100067138672,246.80909729003906,246.9550018310547,1105249,272946768.81877136,,,
2026-01-20 20:00:00+00:00,246.9499969482422,247.22000122070312,246.7100067138672,246.74000549316406,1316258,324773506.15042114,,,
2026-01-20 20:15:00+00:00,246.75,247.02499389648438,245.0800018310547,245.4600067138672,2483086,609498306.2311096,,,
2026-01-20 20:30:00+00:00,245.4600067138672,245.52679443359375,244.2700958251953,244.49000549316406,2466339,602995235.6580048,,,
2026-01-20 20:45:00+00:00,244.5,246.92999267578125,243.4199981689453,246.69000244140625,7593257,1873180587.868225,,,
2026-01-21 14:30:00+00:00,248.7100067138672,248.75,246.0800018310547,246.77000427246094,3521695,869048690.1963043,,,
2026-01-21 14:45:00+00:00,246.77000427246094,247.52000427246094,246.31500244140625,246.89999389648438,1188535,293449284.24575806,,,
2026-01-21 15:00:00+00:00,246.89999389648438,247.36000061035156,246.2899932861328,246.91000366210938,1396623,344840190.0445862,,,
2026-01-21 15:15:00+00:00,246.9149932861328,248.0,246.8699951171875,247.57000732421875,1127600,279159940.25878906,,,
2026-01-21 15:30:00+00:00,247.57000732421875,248.50999450683594,247.47000122070312,248.47999572753906,993609,246891960.07484436,,,
2026-01-21 15:45:00+00:00,248.49000549316406,248.72000122070312,247.9250030517578,248.14500427246094,921214,228594651.96585083,,,
2026-01-21 16:00:00+00:00,248.16990661621094,248.2899932861328,247.25,247.26109313964844,995658,246187485.47323608,,,
2026-01-21 16:15:00+00:00,247.25999450683594,247.52000427246094,246.8300018310547,247.3000030517578,892155,220629934.222641,,,
2026-01-21 16:30:00+00:00,247.30999755859375,247.36000061035156,245.97000122070312,245.9949951171875,1016231,249987739.88293457,,,
2026-01-21 16:45:00+00:00,246.0050048828125,246.3249969482422,245.71090698242188,245.77999877929688,850458,209025566.20184326,,,
2026-01-21 17:00:00+00:00,245.77999877929688,246.0399932861328,245.1999969482422,245.2899932861328,795888,195223362.17651367,,,
2026-01-21 17:15:00+00:00,245.2949981689453,246.1663055419922,245.19000244140625,245.8300018310547,859529,211298015.6438446,,,
2026-01-21 17:30:00+00:00,245.82009887695312,246.16000366210938,245.5800018310547,245.95010375976562,509973,125427912.26467896,,,
2026-01-21 17:45:00+00:00,245.96499633789062,246.47000122070312,245.8800048828125,246.2200927734375,480484,118304815.05615234,,,
2026-01-21 18:00:00+00:00,246.23500061035156,246.4199981689453,245.6199951171875,246.1999969482422,623901,153604424.29600525,,,
2026-01-21 18:15:00+00:00,246.1999969482422,246.27000427246094,245.86000061035156,245.8800048828125,400316,98429700.03466797,,,
2026-01-21 18:30:00+00:00,245.8800048828125,246.0,245.5,245.86000061035156,452039,111138308.81590271,,,
2026-01-21 18:45:00+00:00,245.8699951171875,246.375,245.74000549316406,246.125,523987,128966300.375,,,
2026-01-21 19:00:00+00:00,246.1199951171875,246.17999267578125,245.74000549316406,245.89500427246094,507186,124714503.63693237,,,
2026-01-21 19:15:00+00:00,245.89999389648438,247.33999633789062,245.5800018310547,247.1103057861328,874218,216028277.30374146,,,
2026-01-21 19:30:00+00:00,247.1300048828125,249.33999633789062,247.10000610351562,249.139892578125,1564406,389755942.7885742,,,
2026-01-21 19:45:00+00:00,249.1699981689453,250.8300018310547,249.11000061035156,250.7100067138672,2971263,744925366.6786652,,,
2026-01-21 20:00:00+00:00,250.72000122070312,251.55999755859375,250.30999755859375,250.35000610351562,1876604,469807822.85388184,,,
2026-01-21 20:15:00+00:00,250.3300018310547,250.38999938964844,248.38279724121094,248.38279724121094,1463675,363551690.7520294,,,
2026-01-21 20:30:00+00:00,248.38999938964844,248.5800018310547,247.5800018310547,248.16000366210938,1188497,294937419.872406,,,
2026-01-21 20:45:00+00:00,248.13999938964844,248.1999969482422,246.83999633789062,247.6300048828125,3156619,781673578.3831787,,,
2026-01-22 14:30:00+00:00,249.1999969482422,250.7799072265625,248.8000030517578,249.72999572753906,3343760,835037170.513916,,,
2026-01-22 14:45:00+00:00,249.74000549316406,249.99000549316406,248.38499450683594,249.85499572753906,1860587,464876956.9357147,,,
2026-01-22 15:00:00+00:00,249.8699951171875,250.3000030517578,249.57000732421875,249.86000061035156,1336418,333917402.2956848,,,
2026-01-22 15:15:00+00:00,249.86000061035156,250.25999450683594,249.3000030517578,250.1300048828125,759865,190065036.16027832,,,
2026-01-22 15:30:00+00:00,250.14999389648438,250.16000366210938,249.57000732421875,249.72999572753906,715563,178697544.93278503,,,
2026-01-22 15:45:00+00:00,249.73899841308594,249.8300018310547,249.0,249.08920288085938,977409,243462028.69857788,,,
2026-01-22 16:00:00+00:00,249.10000610351562,249.82000732421875,249.0500030517578,249.52000427246094,849925,212073289.63127136,,,
2026-01-22 16:15:00+00:00,249.9499969482422,250.0,249.4600067138672,249.6999053955078,622846,155524587.27597046,,,
2026-01-22 16:30:00+00:00,249.69500732421875,249.80999755859375,249.25999450683594,249.67999267578125,459177,114647309.9968872,,,
2026-01-22 16:45:00+00:00,249.6999969482422,249.89999389648438,249.57000732421875,249.58999633789062,505136,126076892.39013672,,,
2026-01-22 17:00:00+00:00,249.5800018310547,249.8000030517578,249.44000244140625,249.66000366210938,502613,125482363.42062378,,,
2026-01-22 17:15:00+00:00,249.66000366210938,249.8800048828125,249.61000061035156,249.74000549316406,417491,104264204.63334656,,,
2026-01-22 17:30:00+00:00,249.75,250.52749633789062,249.7301025390625,250.27000427246094,502525,125766933.89701843,,,
2026-01-22 17:45:00+00:00,250.27000427246094,250.27999877929688,250.0399932861328,250.14999389648438,409478,102430919.20074463,,,
2026-01-22 18:00:00+00:00,250.1199951171875,250.27999877929688,249.72999572753906,250.0070037841797,462181,115548487.01597595,,,
2026-01-22 18:15:00+00:00,250.00999450683594,250.82000732421875,249.99000549316406,250.67999267578125,459425,115168655.6350708,,,
2026-01-22 18:30:00+00:00,250.6699981689453,250.6824951171875,250.10000610351562,250.1999969482422,451247,112901998.02290344,,,
2026-01-22 18:45:00+00:00,250.27000427246094,250.39999389648438,249.75010681152344,250.22000122070312,461446,115463018.68328857,,,
2026-01-22 19:00:00+00:00,250.23989868164062,251.0,250.22000122070312,250.84500122070312,648830,162755762.1420288,,,
2026-01-22 19:15:00+00:00,250.82460021972656,250.94000244140625,250.4499969482422,250.52000427246094,486368,121844913.43798828,,,
2026-01-22 19:30:00+00:00,250.50999450683594,250.625,249.52000427246094,249.52999877929688,791244,197439114.35412598,,,
2026-01-22 19:45:00+00:00,249.52000427246094,249.60000610351562,248.76980590820312,248.8800048828125,966833,240625401.76086426,,,
2026-01-22 20:00:00+00:00,248.86000061035156,249.2198944091797,248.80999755859375,249.05999755859375,665233,165682929.355896,,,
2026-01-22 20:15:00+00:00,249.02000427246094,249.1699981689453,248.26510620117188,248.3699951171875,931898,231455501.7097168,,,
2026-01-22 20:30:00+00:00,248.33999633789062,248.85000610351562,248.30999755859375,248.6300048828125,742574,184626177.2458496,,,
2026-01-22 20:45:00+00:00,248.60989379882812,248.9199981689453,248.17999267578125,248.36000061035156,2048908,508866792.1305542,,,
2026-01-23 14:30:00+00:00,245.75,246.47999572753906,245.3341064453125,245.83009338378906,3288078,808308521.7931824,,,
2026-01-23 14:45:00+00:00,245.8300018310547,246.2736053466797,244.67999267578125,245.88999938964844,2023390,497531365.86502075,,,
2026-01-23 15:00:00+00:00,245.9199981689453,246.4499969482422,245.80999755859375,245.9499969482422,1121755,275895638.8266754,,,
2026-01-23 15:15:00+00:00,245.94000244140625,247.24000549316406,245.7100067138672,247.01010131835938,1167913,288486308.46102905,,,
2026-01-23 15:30:00+00:00,247.02000427246094,248.3350067138672,246.97000122070312,248.0399932861328,932602,231322593.81863403,,,
2026-01-23 15:45:00+00:00,248.06100463867188,249.3000030517578,247.85000610351562,248.97999572753906,944450,235149156.96487427,,,
2026-01-23 16:00:00+00:00,248.97999572753906,249.41000366210938,248.64010620117188,248.8300018310547,717208,178462867.95324707,,,
2026-01-23 16:15:00+00:00,248.82839965820312,248.93499755859375,248.27999877929688,248.35000610351562,684556,170009486.77819824,,,
2026-01-23 16:30:00+00:00,248.3699951171875,248.70689392089844,247.8800048828125,248.30999755859375,693649,172239981.496521,,,
2026-01-23 16:45:00+00:00,248.30999755859375,248.6300048828125,248.0399932861328,248.24000549316406,536360,133146009.34631348,,,
2026-01-23 17:00:00+00:00,248.24000549316406,248.25999450683594,247.8800048828125,248.0500030517578,501500,124397076.53045654,,,
2026-01-23 17:15:00+00:00,248.125,248.8000030517578,247.9499969482422,248.73989868164062,533551,132715421.68148804,,,
2026-01-23 17:30:00+00:00,248.72000122070312,248.80990600585938,247.89300537109375,248.0800018310547,448129,111171843.1405487,,,
2026-01-23 17:45:00+00:00,248.0800018310547,248.2198944091797,247.61000061035156,247.7899932861328,550414,136387081.3645935,,,
2026-01-23 18:00:00+00:00,247.77000427246094,248.05999755859375,247.64999389648438,247.69769287109375,521096,129074276.96435547,,,
2026-01-23 18:15:00+00:00,247.7050018310547,248.16000366210938,247.6959991455078,247.92999267578125,397677,98596055.69732666,,,
2026-01-23 18:30:00+00:00,247.9600067138672,248.0299072265625,247.33999633789062,247.38999938964844,523188,129431479.00067139,,,
2026-01-23 18:45:00+00:00,247.3800048828125,247.55999755859375,246.97000122070312,247.52000427246094,573818,142031433.811615,,,
2026-01-23 19:00:00+00:00,247.52999877929688,247.8800048828125,247.22999572753906,247.77000427246094,664368,164610462.19848633,,,
2026-01-23 19:15:00+00:00,247.7550048828125,248.00999450683594,247.47000122070312,247.47500610351562,527493,130541333.39456177,,,
2026-01-23 19:30:00+00:00,247.47000122070312,248.19400024414062,247.40499877929688,248.1510009765625,441537,109567848.51818848,,,
2026-01-23 19:45:00+00:00,248.14999389648438,248.25,247.91000366210938,248.1699981689453,410790,101945753.54782104,,,
2026-01-23 20:00:00+00:00,248.1699981689453,248.25999450683594,247.9600067138672,248.1855010986328,450889,111904112.40486145,,,
2026-01-23 20:15:00+00:00,248.21499633789062,248.47000122070312,248.14999389648438,248.19000244140625,638107,158371777.88787842,,,
2026-01-23 20:30:00+00:00,248.19000244140625,248.72999572753906,248.05999755859375,248.7100067138672,726209,180615445.26567078,,,
2026-01-23 20:45:00+00:00,248.7100067138672,248.85000610351562,247.7449951171875,247.97000122070312,1909585,473519794.7810364,,,
2026-01-26 14:30:00+00:00,251.47999572753906,253.25,249.8000030517578,252.7100067138672,4751362,1200716722.9200134,,,
2026-01-26 14:45:00+00:00,252.72999572753906,253.78689575195312,252.27000427246094,252.75999450683594,1703995,430701766.8396759,,,
2026-01-26 15:00:00+00:00,252.74000549316406,254.10000610351562,252.6199951171875,253.6820068359375,1759095,446250749.8150635,,,
2026-01-26 15:15:00+00:00,253.6999969482422,254.88999938964844,253.50999450683594,254.0399932861328,1596154,405486951.44363403,,,
2026-01-26 15:30:00+00:00,254.0399932861328,255.33999633789062,253.9199981689453,254.9510040283203,1649373,420509302.36720276,,,
2026-01-26 15:45:00+00:00,254.96499633789062,255.5,254.6699981689453,254.8000030517578,1118042,284877105.0119934,,,
2026-01-26 16:00:00+00:00,254.8090057373047,255.32000732421875,254.55999755859375,255.12010192871094,1196000,305123641.9067383,,,
2026-01-26 16:15:00+00:00,255.13499450683594,255.2100067138672,254.22999572753906,255.0998992919922,977744,249422395.9333496,,,
2026-01-26 16:30:00+00:00,255.0850067138672,255.27999877929688,254.80999755859375,255.0,1077473,274755615.0,,,
2026-01-26 16:45:00+00:00,255.00990295410156,255.25,254.60000610351562,254.86000061035156,632106,161098535.54580688,,,
2026-01-26 17:00:00+00:00,254.8699951171875,255.4199981689453,254.25999450683594,254.2899932861328,818089,208031846.3174591,,,
2026-01-26 17:15:00+00:00,254.28900146484375,254.8498992919922,254.28900146484375,254.5,487558,124083511.0,,,
2026-01-26 17:30:00+00:00,254.47000122070312,254.75,254.42999267578125,254.66000366210938,495724,126241075.65539551,,,
2026-01-26 17:45:00+00:00,254.6627960205078,254.66990661621094,254.0800018310547,254.3300018310547,463095,117778952.19795227,,,
2026-01-26 18:00:00+00:00,254.3300018310547,254.47999572753906,254.0800018310547,254.24000549316406,458423,116549466.03819275,,,
2026-01-26 18:15:00+00:00,254.23500061035156,254.69000244140625,254.08999633789062,254.64999389648438,444291,113138700.43826294,,,
2026-01-26 18:30:00+00:00,254.63999938964844,255.1699981689453,254.32000732421875,254.58999633789062,598755,152437033.2572937,,,
2026-01-26 18:45:00+00:00,254.59500122070312,255.35000610351562,254.47999572753906,255.11000061035156,742727,189477085.42332458,,,
2026-01-26 19:00:00+00:00,255.10000610351562,255.55320739746094,255.10000610351562,255.43499755859375,829052,211768895.59594727,,,
2026-01-26 19:15:00+00:00,255.45010375976562,255.97000122070312,255.27999877929688,255.94000244140625,843283,215829853.0787964,,,
2026-01-26 19:30:00+00:00,255.92999267578125,256.2650146484375,255.7100067138672,256.1300048828125,841819,215615104.58044434,,,
2026-01-26 19:45:00+00:00,256.1400146484375,256.55999755859375,256.07501220703125,256.1000061035156,9699907,2484146241.903534,,,
2026-01-26 20:00:00+00:00,256.1050109863281,256.3699951171875,255.72999572753906,255.8000030517578,553597,141610114.28944397,,,
2026-01-26 20:15:00+00:00,255.80999755859375,255.9600067138672,255.47000122070312,255.72500610351562,927569,237202588.18643188,,,
2026-01-26 20:30:00+00:00,255.72999572753906,255.99000549316406,255.4550018310547,255.5050048828125,919533,234945283.65490723,,,
2026-01-26 20:45:00+00:00,255.50999450683594,255.64999389648438,254.89999389648438,255.4199981689453,13299580,3396978699.2477417,,,
2026-01-27 14:30:00+00:00,259.1400146484375,260.7724914550781,258.6600036621094,260.5899963378906,5329210,1388738814.38385,,,
2026-01-27 14:45:00+00:00,260.6000061035156,261.95001220703125,260.3800048828125,261.4649963378906,2577343,673884978.056488,,,
2026-01-27 15:00:00+00:00,261.4800109863281,261.5799865722656,259.95001220703125,260.0299987792969,1753863,456056993.74905396,,,
2026-01-27 15:15:00+00:00,260.04998779296875,260.2099914550781,259.5299987792969,259.8450012207031,1252357,325418706.1937561,,,
2026-01-27 15:30:00+00:00,259.8599853515625,260.54998779296875,259.760009765625,260.3800048828125,880061,229150287.47717285,,,
2026-01-27 15:45:00+00:00,260.3500061035156,260.67999267578125,260.0199890136719,260.3399963378906,687420,178962920.28259277,,,
2026-01-27 16:00:00+00:00,260.3599853515625,261.239990234375,260.3500061035156,261.1499938964844,867816,226630143.10327148,,,
2026-01-27 16:15:00+00:00,261.1449890136719,261.3900146484375,260.6099853515625,260.7200012207031,827598,215771351.57025146,,,
2026-01-27 16:30:00+00:00,260.7200012207031,261.1499938964844,260.4700012207031,260.9068908691406,611187,159462899.90963745,,,
2026-01-27 16:45:00+00:00,260.9100036621094,261.047607421875,260.7300109863281,260.7799987792969,525215,136965567.0588684,,,
2026-01-27 17:00:00+00:00,260.7699890136719,261.1700134277344,260.739990234375,260.9100036621094,558986,145845039.30706787,,,
2026-01-27 17:15:00+00:00,260.8900146484375,261.3599853515625,260.82000732421875,261.30999755859375,480599,125585323.5166626,,,
2026-01-27 17:30:00+00:00,261.30010986328125,261.3500061035156,260.8500061035156,260.8500061035156,428161,111685799.46328735,,,
2026-01-27 17:45:00+00:00,260.8500061035156,260.92999267578125,260.6199951171875,260.7099914550781,488063,127242900.5595398,,,
2026-01-27 18:00:00+00:00,260.70001220703125,261.1300048828125,260.5199890136719,260.9801025390625,554248,144647699.8720703,,,
2026-01-27 18:15:00+00:00,260.9800109863281,260.9999084472656,260.2301025390625,260.2550048828125,518619,134973190.37731934,,,
2026-01-27 18:30:00+00:00,260.2699890136719,260.3599853515625,259.79998779296875,259.8500061035156,836748,217428972.9071045,,,
2026-01-27 18:45:00+00:00,259.848388671875,259.9700012207031,259.5199890136719,259.82000732421875,592221,153870864.55755615,,,
2026-01-27 19:00:00+00:00,259.8399963378906,260.0199890136719,259.5299987792969,259.80999755859375,570380,148190426.4074707,,,
2026-01-27 19:15:00+00:00,259.80999755859375,259.9700012207031,259.6199951171875,259.875,505280,131309640.0,,,
2026-01-27 19:30:00+00:00,259.875,259.8999938964844,259.5150146484375,259.6050109863281,541752,140641533.91186523,,,
2026-01-27 19:45:00+00:00,259.6099853515625,260.0400085449219,259.17498779296875,259.739990234375,788484,204800826.45996094,,,
2026-01-27 20:00:00+00:00,259.7449951171875,259.9667053222656,259.45001220703125,259.6199951171875,603931,156792563.27111816,,,
2026-01-27 20:15:00+00:00,259.614990234375,259.6400146484375,259.1499938964844,259.3800048828125,668119,173296709.4822998,,,
2026-01-27 20:30:00+00:00,259.385009765625,259.67498779296875,259.2149963378906,259.3399963378906,891298,231149220.05596924,,,
2026-01-27 20:45:00+00:00,259.3299865722656,259.5400085449219,258.2099914550781,258.2699890136719,1824307,471163748.8475647,,,
2026-01-28 14:30:00+00:00,257.55999755859375,258.8550109863281,255.82000732421875,256.6300048828125,3189845,818609937.925415,,,
2026-01-28 14:45:00+00:00,256.6799011230469,257.239990234375,255.72999572753906,256.1449890136719,1307599,334934931.48928833,,,
2026-01-28 15:00:00+00:00,256.1400146484375,256.75,255.21499633789062,256.4599914550781,1289781,330777224.2389221,,,
2026-01-28 15:15:00+00:00,256.4599914550781,257.04998779296875,256.0299987792969,256.0899963378906,816985,209221685.65811157,,,
2026-01-28 15:30:00+00:00,256.05999755859375,256.7099914550781,255.88999938964844,256.0209045410156,858201,219717396.29800415,,,
2026-01-28 15:45:00+00:00,256.0400085449219,256.3194885253906,255.72000122070312,255.83999633789062,669190,171205567.14935303,,,
2026-01-28 16:00:00+00:00,255.83999633789062,256.2200012207031,255.6999969482422,255.9062042236328,537980,137672419.74822998,,,
2026-01-28 16:15:00+00:00,255.89999389648438,256.0299987792969,255.25999450683594,255.49000549316406,680403,173836166.2075653,,,
2026-01-28 16:30:00+00:00,255.47000122070312,255.47999572753906,254.7899932861328,254.88999938964844,809877,206429548.0356903,,,
2026-01-28 16:45:00+00:00,254.8800048828125,255.36500549316406,254.74000549316406,255.33999633789062,543199,138700430.67074585,,,
2026-01-28 17:00:00+00:00,255.3300018310547,255.4199981689453,255.07809448242188,255.25,395773,101021058.25,,,
2026-01-28 17:15:00+00:00,255.23699951171875,255.39999389648438,254.66000366210938,254.82000732421875,481657,122735840.26776123,,,
2026-01-28 17:30:00+00:00,254.8000030517578,255.11000061035156,254.50999450683594,255.02999877929688,453925,115764492.19589233,,,
2026-01-28 17:45:00+00:00,255.02999877929688,255.11000061035156,254.72000122070312,254.8300018310547,501734,127856876.1387024,,,
2026-01-28 18:00:00+00:00,254.82000732421875,255.0,254.5399932861328,254.9550018310547,352062,89759967.85464478,,,
2026-01-28 18:15:00+00:00,254.9499969482422,255.38999938964844,254.9499969482422,255.2550048828125,375427,95829620.71813965,,,
2026-01-28 18:30:00+00:00,255.25999450683594,255.34500122070312,254.8800048828125,255.31500244140625,391362,99920589.98547363,,,
2026-01-28 18:45:00+00:00,255.32000732421875,255.8800048828125,255.14999389648438,255.656494140625,484107,123765098.40893555,,,
2026-01-28 19:00:00+00:00,255.66000366210938,255.86500549316406,254.9300994873047,255.00999450683594,486838,124148555.705719,,,
2026-01-28 19:15:00+00:00,255.0,255.36940002441406,254.77999877929688,255.11000061035156,537150,137032336.82785034,,,
2026-01-28 19:30:00+00:00,255.0800018310547,255.89999389648438,255.0500030517578,255.63999938964844,832930,212930224.69161987,,,
2026-01-28 19:45:00+00:00,255.63999938964844,256.3699951171875,255.6300048828125,256.2900085449219,791057,202740005.28952026,,,
2026-01-28 20:00:00+00:00,256.2900085449219,256.6400146484375,256.0299987792969,256.20001220703125,875253,224239829.28424072,,,
2026-01-28 20:15:00+00:00,256.19000244140625,256.54998779296875,255.97000122070312,256.4750061035156,892328,228859829.2463379,,,
2026-01-28 20:30:00+00:00,256.4599914550781,256.6400146484375,256.18499755859375,256.5299987792969,847011,217283730.79605103,,,
2026-01-28 20:45:00+00:00,256.510009765625,256.8999938964844,255.92999267578125,256.44000244140625,2245327,575791661.3617554,,,
2026-01-29 14:30:00+00:00,258.07000732421875,259.6499938964844,256.2200012207031,256.2200012207031,3158117,809172741.5951233,,,
2026-01-29 14:45:00+00:00,256.25,257.6600036621094,256.07000732421875,256.79998779296875,1398253,359071353.33148193,,,
2026-01-29 15:00:00+00:00,256.80999755859375,256.82000732421875,255.49000549316406,256.3299865722656,1409972,361418103.8272705,,,
2026-01-29 15:15:00+00:00,256.364990234375,257.69000244140625,256.364990234375,256.8999938964844,1315829,338036462.06881714,,,
2026-01-29 15:30:00+00:00,256.8900146484375,257.0400085449219,254.7899932861328,255.13999938964844,1324622,337964056.2715149,,,
2026-01-29 15:45:00+00:00,255.13999938964844,255.91000366210938,254.41000366210938,255.4550018310547,1228231,313757752.35395813,,,
2026-01-29 16:00:00+00:00,255.4499969482422,256.1300048828125,254.89999389648438,255.86000061035156,1105408,282829691.5546875,,,
2026-01-29 16:15:00+00:00,255.8800048828125,256.4100036621094,255.39999389648438,256.1700134277344,1143628,292963200.116333,,,
2026-01-29 16:30:00+00:00,256.1300048828125,256.3299865722656,255.39500427246094,255.59010314941406,836347,213762015.998703,,,
2026-01-29 16:45:00+00:00,255.63999938964844,255.77000427246094,255.1199951171875,255.38999938964844,698565,178406514.92362976,,,
2026-01-29 17:00:00+00:00,255.39999389648438,256.7550048828125,255.34500122070312,256.54998779296875,749322,192238549.95300293,,,
2026-01-29 17:15:00+00:00,256.55999755859375,257.4100036621094,256.010009765625,257.2200012207031,1240346,319041799.63409424,,,
2026-01-29 17:30:00+00:00,257.20001220703125,257.6700134277344,256.8500061035156,257.05999755859375,913374,234791918.210083,,,
2026-01-29 17:45:00+00:00,257.05999755859375,257.20001220703125,256.54998779296875,256.93499755859375,981995,252308882.92755127,,,
2026-01-29 18:00:00+00:00,256.9800109863281,257.2900085449219,256.6400146484375,256.95001220703125,731153,187869772.27520752,,,
2026-01-29 18:15:00+00:00,256.92999267578125,257.4599914550781,256.7300109863281,257.3800048828125,606197,156022986.8199463,,,
2026-01-29 18:30:00+00:00,257.364990234375,258.0299987792969,257.17999267578125,257.6200866699219,914528,235600782.6220703,,,
2026-01-29 18:45:00+00:00,257.6300048828125,257.6400146484375,257.1600036621094,257.3299865722656,634610,163304182.7786255,,,
2026-01-29 19:00:00+00:00,257.3399963378906,257.8800048828125,257.2200012207031,257.80999755859375,698731,180139837.40411377,,,
2026-01-29 19:15:00+00:00,257.81280517578125,258.1816101074219,257.7799987792969,258.1449890136719,831157,214559014.63363647,,,
2026-01-29 19:30:00+00:00,258.1449890136719,258.3900146484375,257.8999938964844,258.0299987792969,943663,243493362.73806763,,,
2026-01-29 19:45:00+00:00,258.0299987792969,258.07989501953125,257.7401123046875,257.9200134277344,813122,209720437.15838623,,,
2026-01-29 20:00:00+00:00,257.92498779296875,258.5199890136719,257.83990478515625,258.19000244140625,1135010,293048234.6710205,,,
2026-01-29 20:15:00+00:00,258.1899108886719,258.5683898925781,258.1400146484375,258.2950134277344,1349046,348451854.68463135,,,
2026-01-29 20:30:00+00:00,258.30999755859375,258.5400085449219,257.9100036621094,258.44000244140625,1453052,375526762.42749023,,,
2026-01-29 20:45:00+00:00,258.43499755859375,259.3500061035156,257.75,258.17498779296875,4384711,1132022708.9006958,,,
2026-01-30 14:30:00+00:00,255.1649932861328,256.9599914550781,252.17999267578125,253.5399932861328,10336866,2620808936.2396545,,,
2026-01-30 14:45:00+00:00,253.50039672851562,256.3900146484375,252.72999572753906,256.2900085449219,3075921,788327819.3735046,,,
2026-01-30 15:00:00+00:00,256.29998779296875,258.3599853515625,255.86000061035156,258.2699890136719,2759309,712646705.1153259,,,
2026-01-30 15:15:00+00:00,258.2749938964844,258.70001220703125,253.92999267578125,254.0,2239198,568756292.0,,,
2026-01-30 15:30:00+00:00,254.0800018310547,255.97000122070312,253.69500732421875,255.60499572753906,1681188,429720051.55718994,,,
2026-01-30 15:45:00+00:00,255.59010314941406,255.83999633789062,254.67999267578125,254.94000244140625,1214877,309720745.3460083,,,
2026-01-30 16:00:00+00:00,254.9149932861328,256.260009765625,254.75,255.5,1323239,338087564.5,,,
2026-01-30 16:15:00+00:00,255.53500366210938,256.9049987792969,255.18060302734375,256.6875,1136696,291775654.5,,,
2026-01-30 16:30:00+00:00,256.69000244140625,257.1400146484375,256.30029296875,256.80999755859375,1170281,300539860.75286865,,,
2026-01-30 16:45:00+00:00,256.82000732421875,257.1300048828125,255.8800048828125,256.1050109863281,800171,204927802.74594116,,,
2026-01-30 17:00:00+00:00,256.0899963378906,256.1499938964844,254.2834930419922,254.52499389648438,1063468,270679186.20910645,,,
2026-01-30 17:15:00+00:00,254.52499389648438,255.5050048828125,254.38999938964844,255.2100067138672,1006491,256866574.8674469,,,
2026-01-30 17:30:00+00:00,255.16000366210938,255.33999633789062,254.5399932861328,254.7100067138672,805197,205091733.27598572,,,
2026-01-30 17:45:00+00:00,254.7100067138672,255.22999572753906,254.67999267578125,254.85499572753906,660641,168367659.23243713,,,
2026-01-30 18:00:00+00:00,254.83999633789062,255.64999389648438,254.7100067138672,255.4600067138672,752520,192238764.25231934,,,
2026-01-30 18:15:00+00:00,255.4499969482422,256.07000732421875,254.5800018310547,256.05499267578125,1045761,267772325.19561768,,,
2026-01-30 18:30:00+00:00,256.05499267578125,256.489990234375,255.77999877929688,256.1466979980469,840006,215164763.19854736,,,
2026-01-30 18:45:00+00:00,256.1400146484375,257.6000061035156,255.75,257.3500061035156,1008570,259555495.65582275,,,
2026-01-30 19:00:00+00:00,257.375,258.0799865722656,257.364990234375,257.7900085449219,964710,248692599.14337158,,,
2026-01-30 19:15:00+00:00,257.7699890136719,257.9700012207031,257.3299865722656,257.5849914550781,839331,216199068.46298218,,,
2026-01-30 19:30:00+00:00,257.6000061035156,258.42999267578125,257.4100036621094,258.0950012207031,896223,231310676.27902222,,,
2026-01-30 19:45:00+00:00,258.0899963378906,258.94000244140625,257.9599914550781,258.2699890136719,1149790,296956250.6680298,,,
2026-01-30 20:00:00+00:00,258.2900085449219,258.739990234375,257.55999755859375,258.6499938964844,1138930,294584237.54852295,,,
2026-01-30 20:15:00+00:00,258.6499938964844,259.9100036621094,258.45001220703125,259.9100036621094,1760263,457509962.77627563,,,
2026-01-30 20:30:00+00:00,259.9200134277344,261.0400085449219,259.82000732421875,260.989990234375,2582500,674006649.7802734,,,
2026-01-30 20:45:00+00:00,260.9800109863281,261.89990234375,258.0,259.4800109863281,6819818,1769606449.5647583,,,
2026-02-02 14:30:00+00:00,260.0199890136719,263.9700012207031,259.2049865722656,261.15789794921875,5610936,1465340251.2875977,,,
2026-02-02 14:45:00+00:00,261.17999267578125,263.92999267578125,260.9200134277344,263.32501220703125,2530490,666341310.1397705,,,
2026-02-02 15:00:00+00:00,263.2900085449219,264.6809997558594,263.17999267578125,264.6549987792969,2574750,681420458.1069946,,,
2026-02-02 15:15:00+00:00,264.6300048828125,265.25,264.0799865722656,265.0400085449219,2008522,532338688.0426636,,,
2026-02-02 15:30:00+00:00,265.0350036621094,265.3699951171875,263.5950012207031,263.95001220703125,1355687,357833600.1989136,,,
2026-02-02 15:45:00+00:00,263.9200134277344,263.9649963378906,262.30999755859375,262.739990234375,1119624,294169998.8261719,,,
2026-02-02 16:00:00+00:00,262.70001220703125,263.4198913574219,262.510009765625,263.2550048828125,925579,243663304.1644287,,,
2026-02-02 16:15:00+00:00,263.239990234375,264.5635070800781,263.1300048828125,264.29180908203125,899596,237755854.28295898,,,
2026-02-02 16:30:00+00:00,264.2950134277344,264.7300109863281,264.2099914550781,264.69500732421875,689157,182416417.16253662,,,
2026-02-02 16:45:00+00:00,264.706787109375,264.706787109375,263.8900146484375,264.4649963378906,671923,177700113.73434448,,,
2026-02-02 17:00:00+00:00,264.45001220703125,264.8500061035156,264.3299865722656,264.364990234375,684340,180915537.4169922,,,
2026-02-02 17:15:00+00:00,264.3800048828125,264.510009765625,263.80999755859375,264.17999267578125,642883,169836826.23138428,,,
2026-02-02 17:30:00+00:00,264.19000244140625,264.4335021972656,263.7799987792969,263.92999267578125,561395,148168978.2382202,,,
2026-02-02 17:45:00+00:00,263.92999267578125,264.42999267578125,263.8500061035156,264.1737976074219,474130,125252722.65960693,,,
2026-02-02 18:00:00+00:00,264.19000244140625,265.30999755859375,264.19000244140625,264.7900085449219,811233,214806393.0019226,,,
2026-02-02 18:15:00+00:00,264.7799987792969,265.2699890136719,264.6199951171875,265.1300048828125,756708,200625995.73486328,,,
2026-02-02 18:30:00+00:00,265.1449890136719,265.70001220703125,265.010009765625,265.4100036621094,869955,230894759.73587036,,,
2026-02-02 18:45:00+00:00,265.3800048828125,266.7349853515625,265.3399963378906,266.7049865722656,1318241,351581448.20401,,,
2026-02-02 19:00:00+00:00,266.70001220703125,267.135009765625,266.5400085449219,267.1199951171875,1359574,363169400.2414551,,,
2026-02-02 19:15:00+00:00,267.1099853515625,267.3500061035156,266.760009765625,267.17999267578125,1132316,302532180.5866699,,,
2026-02-02 19:30:00+00:00,267.125,267.44000244140625,266.82000732421875,267.2850036621094,1086412,290381635.3985596,,,
2026-02-02 19:45:00+00:00,267.3099060058594,268.2799987792969,267.2300109863281,268.0,1389323,372338564.0,,,
2026-02-02 20:00:00+00:00,268.0,269.56988525390625,267.85089111328125,268.54998779296875,2336738,627530961.3753662,,,
2026-02-02 20:15:00+00:00,268.54998779296875,269.3999938964844,268.30999755859375,268.9800109863281,1297695,349054015.3569031,,,
2026-02-02 20:30:00+00:00,268.9750061035156,269.7099914550781,268.8399963378906,269.45001220703125,1717343,462738092.31365967,,,
2026-02-02 20:45:00+00:00,269.4200134277344,270.489990234375,269.3999938964844,269.9599914550781,4314011,1164610372.697113,,,
2026-02-03 14:30:00+00:00,269.1300048828125,270.3299865722656,267.69000244140625,268.2099914550781,3375803,905424093.7840271,,,
2026-02-03 14:45:00+00:00,268.2300109863281,271.5799865722656,268.1400146484375,270.3606872558594,2301307,622182942.10672,,,
2026-02-03 15:00:00+00:00,270.385009765625,270.6700134277344,268.7049865722656,268.95001220703125,1603518,431266185.67419434,,,
2026-02-03 15:15:00+00:00,268.95001220703125,270.010009765625,268.38128662109375,269.885009765625,1752185,472888465.83618164,,,
2026-02-03 15:30:00+00:00,269.8500061035156,269.96551513671875,267.6099853515625,268.4200134277344,1226402,329190841.3078003,,,
2026-02-03 15:45:00+00:00,268.4100036621094,271.1400146484375,268.2900085449219,271.07000732421875,1528671,414376859.1663208,,,
2026-02-03 16:00:00+00:00,271.0799865722656,271.2850036621094,269.9700012207031,270.0849914550781,1419056,383265727.63427734,,,
2026-02-03 16:15:00+00:00,270.0849914550781,270.5899963378906,268.7900085449219,268.8949890136719,1160900,312160192.7459717,,,
2026-02-03 16:30:00+00:00,268.8999938964844,270.5,268.54998779296875,269.7349853515625,1491777,402384447.24279785,,,
2026-02-03 16:45:00+00:00,269.760009765625,269.9800109863281,268.7803039550781,268.9599914550781,669490,180066024.67926025,,,
2026-02-03 17:00:00+00:00,268.94000244140625,269.7799987792969,268.6400146484375,268.9200134277344,982098,264105807.34735107,,,
2026-02-03 17:15:00+00:00,268.8399963378906,269.3399963378906,268.2900085449219,268.8999938964844,833663,224171975.61172485,,,
2026-02-03 17:30:00+00:00,268.8900146484375,269.5450134277344,268.7550048828125,269.44000244140625,1176806,317078611.5130615,,,
2026-02-03 17:45:00+00:00,269.385009765625,270.0,269.010009765625,269.6300048828125,842536,227172985.7939453,,,
2026-02-03 18:00:00+00:00,269.67999267578125,270.3699951171875,269.32000732421875,269.385009765625,755079,203406963.78881836,,,
2026-02-03 18:15:00+00:00,269.3500061035156,269.9800109863281,268.94000244140625,269.3399963378906,817631,220220730.54574585,,,
2026-02-03 18:30:00+00:00,269.3349914550781,269.69000244140625,268.8500061035156,269.5249938964844,903572,243535237.78503418,,,
2026-02-03 18:45:00+00:00,269.5249938964844,270.57000732421875,269.3699951171875,270.25,875893,236710083.25,,,
2026-02-03 19:00:00+00:00,270.25,270.9800109863281,269.9200134277344,270.8399963378906,1308859,354491366.7668152,,,
2026-02-03 19:15:00+00:00,270.82000732421875,271.875,270.6099853515625,271.4800109863281,1337827,363193288.6578064,,,
2026-02-03 19:30:00+00:00,271.4700012207031,271.70001220703125,270.6650085449219,270.95001220703125,782240,211947937.54882812,,,
2026-02-03 19:45:00+00:00,270.9599914550781,271.1600036621094,269.95001220703125,270.0,901265,243341550.0,,,
2026-02-03 20:00:00+00:00,269.9700012207031,270.239990234375,268.6700134277344,269.8299865722656,1051636,283762927.75891113,,,
2026-02-03 20:15:00+00:00,269.8399963378906,269.8399963378906,268.80999755859375,269.2099914550781,713629,192116056.99209595,,,
2026-02-03 20:30:00+00:00,269.2149963378906,270.04998779296875,269.2149963378906,269.4100036621094,1058915,285282294.02786255,,,
2026-02-03 20:45:00+00:00,269.4200134277344,270.0,268.8399963378906,269.4599914550781,1989170,536001731.20269775,,,
2026-02-04 14:30:00+00:00,272.30999755859375,277.0599060058594,272.2850036621094,276.5799865722656,5404777,1494853150.08609,,,
2026-02-04 14:45:00+00:00,276.5950012207031,278.80999755859375,276.55999755859375,277.4700012207031,4506587,1250442700.3912048,,,
2026-02-04 15:00:00+00:00,277.4800109863281,277.5899963378906,274.80999755859375,274.8999938964844,2627604,722328323.5623779,,,
2026-02-04 15:15:00+00:00,274.8999938964844,276.2799072265625,274.55010986328125,276.1000061035156,1824201,503661907.2340393,,,
2026-02-04 15:30:00+00:00,276.125,276.55999755859375,275.29998779296875,275.82000732421875,1734379,478376428.4829712,,,
2026-02-04 15:45:00+00:00,275.7950134277344,277.3900146484375,275.5799865722656,277.1099853515625,1577592,437166496.0107422,,,
2026-02-04 16:00:00+00:00,277.0950012207031,277.3096923828125,275.9599914550781,276.6499938964844,1343961,371806802.44711304,,,
2026-02-04 16:15:00+00:00,276.6449890136719,277.29998779296875,275.9949951171875,277.21380615234375,1245116,345163345.46118164,,,
2026-02-04 16:30:00+00:00,277.1935119628906,277.260009765625,275.2900085449219,275.5199890136719,1021377,281409779.81881714,,,
2026-02-04 16:45:00+00:00,275.5299987792969,275.70001220703125,273.8999938964844,274.9649963378906,1925733,529509167.2927551,,,
2026-02-04 17:00:00+00:00,274.95001220703125,276.5799865722656,274.9010009765625,276.489990234375,1375581,380334377.2565918,,,
2026-02-04 17:15:00+00:00,276.5198974609375,276.6000061035156,274.5450134277344,275.25,1335213,367517378.25,,,
2026-02-04 17:30:00+00:00,275.2699890136719,276.114990234375,273.8900146484375,274.8500061035156,1761200,484065830.7495117,,,
2026-02-04 17:45:00+00:00,274.8299865722656,274.95001220703125,273.68499755859375,274.0849914550781,1067035,292458278.8572693,,,
2026-02-04 18:00:00+00:00,274.0899963378906,275.3550109863281,273.1400146484375,275.1000061035156,1520170,418198776.27838135,,,
2026-02-04 18:15:00+00:00,275.1015930175781,275.70001220703125,274.9700012207031,275.6000061035156,723857,199494993.6180725,,,
2026-02-04 18:30:00+00:00,275.6199951171875,275.760009765625,274.9100036621094,275.260009765625,746570,205500865.49072266,,,
2026-02-04 18:45:00+00:00,275.1650085449219,275.739990234375,274.8399963378906,275.389892578125,667158,183728569.95263672,,,
2026-02-04 19:00:00+00:00,275.4100036621094,275.4800109863281,274.3500061035156,275.15728759765625,934300,257079453.80249023,,,
2026-02-04 19:15:00+00:00,275.1401062011719,275.5799865722656,274.6000061035156,274.9100036621094,780512,214570556.7783203,,,
2026-02-04 19:30:00+00:00,274.90020751953125,275.4599914550781,274.90008544921875,275.3450012207031,667112,183685954.4543457,,,
2026-02-04 19:45:00+00:00,275.3599853515625,275.7799987792969,274.8999938964844,275.1449890136719,1133389,311846303.95321655,,,
2026-02-04 20:00:00+00:00,275.1400146484375,275.68499755859375,274.8299865722656,275.68499755859375,1222931,337143729.7493286,,,
2026-02-04 20:15:00+00:00,275.69000244140625,278.0799865722656,275.60009765625,277.6099853515625,2243574,622838545.2751465,,,
2026-02-04 20:30:00+00:00,277.6099853515625,277.7900085449219,276.8500061035156,276.92999267578125,2015765,558225786.6860962,,,
2026-02-04 20:45:00+00:00,276.95001220703125,278.95001220703125,276.3599853515625,276.4599914550781,5297157,1464451978.9562073,,,
2026-02-05 14:30:00+00:00,278.0199890136719,279.44000244140625,273.54010009765625,273.6600036621094,4060919,1111311108.4115295,,,
2026-02-05 14:45:00+00:00,273.6549987792969,276.69000244140625,273.2300109863281,274.364990234375,1935568,531052095.41796875,,,
2026-02-05 15:00:00+00:00,274.3599853515625,275.6499938964844,273.6199951171875,274.5299987792969,1530396,420139612.0118408,,,
2026-02-05 15:15:00+00:00,274.510009765625,276.8399963378906,274.4576110839844,276.7850036621094,1783267,493581563.1255188,,,
2026-02-05 15:30:00+00:00,276.7900085449219,277.3999938964844,275.2300109863281,275.9800109863281,1331172,367376863.1846924,,,
2026-02-05 15:45:00+00:00,275.9599914550781,276.0799865722656,273.9119873046875,274.45001220703125,1205545,330861839.9661255,,,
2026-02-05 16:00:00+00:00,274.45001220703125,274.94000244140625,273.2900085449219,273.3399963378906,945370,258407432.33795166,,,
2026-02-05 16:15:00+00:00,273.3399963378906,276.22039794921875,273.3399963378906,275.2200012207031,1044262,287401788.9147339,,,
2026-02-05 16:30:00+00:00,275.2900085449219,275.3500061035156,274.6099853515625,274.6650085449219,716120,196693105.91918945,,,
2026-02-05 16:45:00+00:00,274.67999267578125,275.5,274.4750061035156,275.239990234375,643430,177097666.9165039,,,
2026-02-05 17:00:00+00:00,275.19000244140625,275.20001220703125,274.010009765625,274.07000732421875,570200,156274718.17626953,,,
2026-02-05 17:15:00+00:00,274.0899963378906,274.9599914550781,273.5249938964844,274.739990234375,602070,165412705.92041016,,,
2026-02-05 17:30:00+00:00,274.7200012207031,274.9800109863281,274.1600036621094,274.44000244140625,454768,124806531.03027344,,,
2026-02-05 17:45:00+00:00,274.4599914550781,274.95001220703125,274.07000732421875,274.5950012207031,445012,122198070.68322754,,,
2026-02-05 18:00:00+00:00,274.5950012207031,274.94000244140625,273.9100036621094,274.05999755859375,437361,119863154.59222412,,,
2026-02-05 18:15:00+00:00,274.06500244140625,274.54998779296875,273.9800109863281,274.32000732421875,427629,117307190.41204834,,,
2026-02-05 18:30:00+00:00,274.260009765625,274.8800048828125,274.114990234375,274.5799865722656,574744,157813199.80249023,,,
2026-02-05 18:45:00+00:00,274.55999755859375,275.0,274.1972961425781,274.9800109863281,576065,158406360.0288391,,,
2026-02-05 19:00:00+00:00,274.989990234375,276.69000244140625,274.9200134277344,276.67999267578125,856405,236950129.12750244,,,
2026-02-05 19:15:00+00:00,276.6700134277344,277.57000732421875,276.6449890136719,277.0450134277344,988278,273797491.7803345,,,
2026-02-05 19:30:00+00:00,277.06500244140625,277.4599914550781,276.085693359375,276.4200134277344,732395,202448635.73440552,,,
2026-02-05 19:45:00+00:00,276.4049987792969,276.7799987792969,276.2832946777344,276.7099914550781,618345,171102239.66629028,,,
2026-02-05 20:00:00+00:00,276.7200012207031,277.7200012207031,276.510009765625,276.5801086425781,937101,259183496.3890686,,,
2026-02-05 20:15:00+00:00,276.614013671875,276.6700134277344,276.1099853515625,276.6300048828125,799280,221104830.30273438,,,
2026-02-05 20:30:00+00:00,276.6300048828125,276.9100036621094,275.3500061035156,275.45001220703125,1186843,326915918.8378296,,,
2026-02-05 20:45:00+00:00,275.3949890136719,276.5799865722656,275.3800048828125,275.9200134277344,2803870,773643848.0496216,,,
2026-02-06 14:30:00+00:00,277.1600036621094,279.92999267578125,277.0,279.1700134277344,4009908,1119446070.2039795,,,
2026-02-06 14:45:00+00:00,279.1700134277344,280.739990234375,278.9599914550781,280.5249938964844,2841445,797096341.282196,,,
2026-02-06 15:00:00+00:00,280.5400085449219,280.9049987792969,279.0400085449219,279.1400146484375,1937064,540712073.3349609,,,
2026-02-06 15:15:00+00:00,279.1400146484375,279.8999938964844,278.510009765625,279.2900085449219,1513359,422666048.0415344,,,
2026-02-06 15:30:00+00:00,279.29998779296875,279.95001220703125,279.1600036621094,279.510009765625,962719,269089597.09155273,,,
2026-02-06 15:45:00+00:00,279.5068054199219,279.7699890136719,278.3500061035156,278.81500244140625,1095576,305463025.1147461,,,
2026-02-06 16:00:00+00:00,278.80999755859375,279.44000244140625,278.489990234375,278.9949951171875,907335,253141923.89465332,,,
2026-02-06 16:15:00+00:00,278.9800109863281,279.6600036621094,278.80999755859375,279.114990234375,947473,264453917.14233398,,,
2026-02-06 16:30:00+00:00,279.1000061035156,279.72369384765625,279.0,279.3399963378906,794552,221950152.77026367,,,
2026-02-06 16:45:00+00:00,279.3699951171875,279.7749938964844,278.8699951171875,279.0849914550781,1030565,287615224.2189026,,,
2026-02-06 17:00:00+00:00,279.04998779296875,279.4700012207031,278.94000244140625,279.090087890625,569335,158895755.18920898,,,
2026-02-06 17:15:00+00:00,279.0899963378906,279.2367858886719,278.239990234375,278.67999267578125,645128,179784266.3149414,,,
2026-02-06 17:30:00+00:00,278.7099914550781,278.79998779296875,277.8999938964844,278.3299865722656,675536,188021925.80908203,,,
2026-02-06 17:45:00+00:00,278.3299865722656,278.4700012207031,278.114990234375,278.2950134277344,619141,172303852.9086609,,,
2026-02-06 18:00:00+00:00,278.2950134277344,278.6861877441406,278.239990234375,278.3399963378906,651217,181259737.39517212,,,
2026-02-06 18:15:00+00:00,278.3299865722656,278.5249938964844,277.4901123046875,277.7749938964844,672566,186822016.5449829,,,
2026-02-06 18:30:00+00:00,277.79998779296875,277.81500244140625,277.0400085449219,277.6235046386719,730603,202832565.3595276,,,
2026-02-06 18:45:00+00:00,277.614990234375,277.760009765625,276.92498779296875,277.4800109863281,706922,196156724.32647705,,,
2026-02-06 19:00:00+00:00,277.489990234375,277.9599914550781,277.3399963378906,277.44000244140625,589395,163521750.23895264,,,
2026-02-06 19:15:00+00:00,277.44000244140625,277.92999267578125,277.1300048828125,277.1300048828125,521666,144569301.12719727,,,
2026-02-06 19:30:00+00:00,277.1300048828125,277.4200134277344,276.9949951171875,277.2300109863281,457776,126909245.50927734,,,
2026-02-06 19:45:00+00:00,277.239990234375,278.6449890136719,277.2200012207031,278.5799865722656,888092,247404657.43493652,,,
2026-02-06 20:00:00+00:00,278.56500244140625,278.75,277.8500061035156,277.8500061035156,771950,214486312.2116089,,,
2026-02-06 20:15:00+00:00,277.8500061035156,278.3299865722656,277.55999755859375,277.6600036621094,1068681,296729970.3736267,,,
2026-02-06 20:30:00+00:00,277.6549987792969,278.31500244140625,277.57000732421875,278.1000061035156,956625,266037418.33877563,,,
2026-02-06 20:45:00+00:00,278.1000061035156,279.010009765625,278.0400085449219,278.0799865722656,2298698,639221908.9736938,,,
2026-02-09 14:30:00+00:00,277.9049987792969,278.0400085449219,273.489990234375,274.3114013671875,2755498,755864517.8444824,,,
2026-02-09 14:45:00+00:00,274.3450012207031,274.94000244140625,273.1600036621094,273.9599914550781,1487644,407554937.52819824,,,
2026-02-09 15:00:00+00:00,273.9599914550781,274.0799865722656,273.04998779296875,273.5150146484375,1139245,311600612.8631592,,,
2026-02-09 15:15:00+00:00,273.5199890136719,274.260009765625,273.05999755859375,273.08270263671875,952157,260017606.8944702,,,
2026-02-09 15:30:00+00:00,273.0899963378906,273.75,273.05999755859375,273.42999267578125,649139,177494072.01556396,,,
2026-02-09 15:45:00+00:00,273.42999267578125,273.5249938964844,272.7699890136719,273.25,867221,236968138.25,,,
2026-02-09 16:00:00+00:00,273.2680969238281,273.70001220703125,273.0799865722656,273.32000732421875,641760,175405847.90039062,,,
2026-02-09 16:15:00+00:00,273.3500061035156,273.4700012207031,272.8500061035156,273.398193359375,634452,173458030.5732422,,,
2026-02-09 16:30:00+00:00,273.3699951171875,273.79998779296875,273.260009765625,273.4200134277344,571336,156214696.79174805,,,
2026-02-09 16:45:00+00:00,273.3800048828125,273.45001220703125,272.75,272.79998779296875,708051,193156304.15679932,,,
2026-02-09 17:00:00+00:00,272.80999755859375,273.1099853515625,271.8999938964844,272.3500061035156,1144330,311658282.48443604,,,
2026-02-09 17:15:00+00:00,272.3450012207031,272.5199890136719,271.70001220703125,272.0115051269531,821862,223555919.62664795,,,
2026-02-09 17:30:00+00:00,272.0400085449219,272.3399963378906,271.8299865722656,271.8450012207031,568016,154412310.2133789,,,
2026-02-09 17:45:00+00:00,271.8500061035156,272.3399963378906,271.7699890136719,271.9649963378906,498592,135599571.45410156,,,
2026-02-09 18:00:00+00:00,271.9649963378906,272.19000244140625,271.7900085449219,271.92999267578125,440913,119897468.86065674,,,
2026-02-09 18:15:00+00:00,271.92999267578125,272.2699890136719,271.8299865722656,271.9800109863281,429629,116850500.14004517,,,
2026-02-09 18:30:00+00:00,271.9800109863281,273.0098876953125,271.8399963378906,272.93499755859375,641887,175193426.77789307,,,
2026-02-09 18:45:00+00:00,272.9200134277344,273.2099914550781,272.739990234375,272.8999938964844,635173,173338707.82321167,,,
2026-02-09 19:00:00+00:00,272.8999938964844,273.42999267578125,272.8399963378906,273.2699890136719,647463,176932206.89675903,,,
2026-02-09 19:15:00+00:00,273.2889099121094,273.7099914550781,273.010009765625,273.6199951171875,641948,175649808.62548828,,,
2026-02-09 19:30:00+00:00,273.6300048828125,273.7250061035156,273.0799865722656,273.1099853515625,450952,123159494.11425781,,,
2026-02-09 19:45:00+00:00,273.1099853515625,273.2900085449219,272.9150085449219,272.9599914550781,390031,106462858.42721558,,,
2026-02-09 20:00:00+00:00,272.9599914550781,273.69000244140625,272.9599914550781,273.5799865722656,609604,166775454.1343994,,,
2026-02-09 20:15:00+00:00,273.5828857421875,274.25,273.5506896972656,274.0400085449219,917828,251521592.96276855,,,
2026-02-09 20:30:00+00:00,274.0299987792969,274.2099914550781,273.510009765625,273.8800048828125,970675,265848473.73962402,,,
2026-02-09 20:45:00+00:00,273.8500061035156,275.1199951171875,273.80999755859375,274.5400085449219,2866894,787077103.2573853,,,
2026-02-10 14:30:00+00:00,274.885009765625,275.2799987792969,273.30609130859375,274.19500732421875,2204506,604464538.8162842,,,
2026-02-10 14:45:00+00:00,274.2099914550781,274.95001220703125,273.2099914550781,274.760009765625,959484,263627833.20996094,,,
2026-02-10 15:00:00+00:00,274.79998779296875,275.3599853515625,273.8599853515625,274.260009765625,959892,263259989.2939453,,,
2026-02-10 15:15:00+00:00,274.25,274.7449951171875,274.0799865722656,274.4200134277344,627386,172167274.54437256,,,
2026-02-10 15:30:00+00:00,274.3900146484375,274.70001220703125,274.17999267578125,274.6549987792969,542731,149063782.14248657,,,
2026-02-10 15:45:00+00:00,274.69500732421875,274.9100036621094,274.1400146484375,274.1400146484375,479135,131350075.9185791,,,
2026-02-10 16:00:00+00:00,274.1449890136719,274.4798889160156,274.1199951171875,274.19000244140625,428161,117397465.63531494,,,
2026-02-10 16:15:00+00:00,274.19500732421875,274.6000061035156,273.989990234375,274.05999755859375,416153,114050890.16400146,,,
2026-02-10 16:30:00+00:00,274.0199890136719,274.0498962402344,273.20001220703125,273.3999938964844,526152,143849953.58862305,,,
2026-02-10 16:45:00+00:00,273.4200134277344,273.5899963378906,273.1000061035156,273.29010009765625,462792,126476472.00439453,,,
2026-02-10 17:00:00+00:00,273.2900085449219,273.79998779296875,273.2699890136719,273.4800109863281,474275,129704732.21054077,,,
2026-02-10 17:15:00+00:00,273.4700012207031,273.489990234375,272.94000244140625,273.3500061035156,588185,160780373.33999634,,,
2026-02-10 17:30:00+00:00,273.3500061035156,273.7099914550781,273.1499938964844,273.70098876953125,419243,114747223.63470459,,,
2026-02-10 17:45:00+00:00,273.7200012207031,274.1099853515625,273.68011474609375,274.0899963378906,383600,105140922.59521484,,,
2026-02-10 18:00:00+00:00,274.1050109863281,274.17999267578125,273.79998779296875,273.9800109863281,306470,83966653.96697998,,,
2026-02-10 18:15:00+00:00,273.989990234375,274.19000244140625,273.3999938964844,274.05499267578125,537280,147244266.46484375,,,
2026-02-10 18:30:00+00:00,274.05499267578125,274.2699890136719,273.8717956542969,274.2250061035156,383430,105146094.090271,,,
2026-02-10 18:45:00+00:00,274.2200012207031,274.260009765625,273.67010498046875,273.92999267578125,339390,92969100.2142334,,,
2026-02-10 19:00:00+00:00,273.95001220703125,274.1099853515625,273.7200012207031,274.0,350735,96101390.0,,,
2026-02-10 19:15:00+00:00,273.9599914550781,274.05999755859375,273.6600036621094,273.9649963378906,298385,81747045.4322815,,,
2026-02-10 19:30:00+00:00,273.9700012207031,274.07000732421875,273.6000061035156,273.739990234375,362399,99203098.72094727,,,
2026-02-10 19:45:00+00:00,273.75,274.0299987792969,273.5199890136719,274.0299987792969,383923,105206419.221344,,,
2026-02-10 20:00:00+00:00,274.010009765625,274.2200012207031,273.7300109863281,274.1400146484375,361781,99178648.63952637,,,
2026-02-10 20:15:00+00:00,274.1499938964844,274.29998779296875,273.8900146484375,274.07000732421875,407541,111694764.85491943,,,
2026-02-10 20:30:00+00:00,274.0799865722656,274.3800048828125,273.9700012207031,274.25,437676,120032643.0,,,
2026-02-10 20:45:00+00:00,274.2900085449219,274.489990234375,273.30999755859375,273.7900085449219,8961727,2453631311.907257,,,
2026-02-11 14:30:00+00:00,274.69500732421875,276.8299865722656,274.45001220703125,275.6000061035156,5691798,1568659563.539978,,,
2026-02-11 14:45:00+00:00,275.5899963378906,277.44000244140625,275.5400085449219,276.3999938964844,1481822,409575591.75567627,,,
2026-02-11 15:00:00+00:00,276.4100036621094,277.0299987792969,275.7699890136719,276.2850036621094,1050726,290299836.75787354,,,
2026-02-11 15:15:00+00:00,276.2900085449219,277.25,275.75,277.05010986328125,1272610,352576740.31311035,,,
2026-02-11 15:30:00+00:00,277.1000061035156,279.04998779296875,277.0400085449219,278.1300048828125,1624504,451823305.45214844,,,
2026-02-11 15:45:00+00:00,278.1650085449219,279.9049987792969,277.9800109863281,279.7550048828125,1202585,336429172.5469971,,,
2026-02-11 16:00:00+00:00,279.7550048828125,279.9800109863281,278.80999755859375,279.67498779296875,1070854,299491079.37805176,,,
2026-02-11 16:15:00+00:00,279.6700134277344,279.9700012207031,278.17498779296875,278.19000244140625,798613,222166152.41973877,,,
2026-02-11 16:30:00+00:00,278.19000244140625,279.2049865722656,278.1600036621094,279.0199890136719,639195,178348181.877594,,,
2026-02-11 16:45:00+00:00,279.0350036621094,279.1000061035156,278.2799987792969,278.3500061035156,444629,123762484.86380005,,,
2026-02-11 17:00:00+00:00,278.3399963378906,279.1099853515625,278.17999267578125,278.70001220703125,624464,174038124.42285156,,,
2026-02-11 17:15:00+00:00,278.7300109863281,280.17999267578125,278.7149963378906,279.94500732421875,976808,273452522.71435547,,,
2026-02-11 17:30:00+00:00,279.910400390625,280.1499938964844,279.3999938964844,279.760009765625,523365,146416597.51098633,,,
2026-02-11 17:45:00+00:00,279.75,280.1000061035156,279.3599853515625,279.4200134277344,469905,131300861.40975952,,,
2026-02-11 18:00:00+00:00,279.4200134277344,279.69000244140625,278.5,278.6700134277344,480200,133817340.44799805,,,
2026-02-11 18:15:00+00:00,278.6600036621094,279.1650085449219,278.56500244140625,278.9599914550781,419627,117059144.33432007,,,
2026-02-11 18:30:00+00:00,278.93499755859375,279.07000732421875,278.6199951171875,278.81988525390625,363689,101403725.24810791,,,
2026-02-11 18:45:00+00:00,278.8192138671875,279.010009765625,278.6700134277344,278.8926086425781,365769,102010270.57058716,,,
2026-02-11 19:00:00+00:00,278.8999938964844,279.0299987792969,278.5,278.8599853515625,524308,146208521.19970703,,,
2026-02-11 19:15:00+00:00,278.86590576171875,279.6700134277344,278.760009765625,279.5799865722656,536485,149990469.09622192,,,
2026-02-11 19:30:00+00:00,279.5799865722656,279.5899963378906,278.5799865722656,278.8699951171875,499321,139245644.83190918,,,
2026-02-11 19:45:00+00:00,278.8500061035156,278.8900146484375,274.81060791015625,276.5899963378906,3821435,1056970692.6554871,,,
2026-02-11 20:00:00+00:00,276.5799865722656,277.2900085449219,276.1700134277344,276.2427062988281,1109229,306416420.8651428,,,
2026-02-11 20:15:00+00:00,276.2300109863281,276.2876892089844,275.0199890136719,276.04998779296875,1169682,322890701.8216553,,,
2026-02-11 20:30:00+00:00,276.010009765625,276.54998779296875,275.8599853515625,276.2749938964844,744371,205651093.48171997,,,
2026-02-11 20:45:00+00:00,276.2814025878906,276.3500061035156,275.4599914550781,275.5400085449219,2186877,602572107.2666931,,,
2026-02-12 14:30:00+00:00,275.6000061035156,275.7200012207031,271.9100036621094,272.0400085449219,2999284,815925244.9886475,,,
2026-02-12 14:45:00+00:00,271.9800109863281,273.0,271.54998779296875,272.1600036621094,1336733,363805258.17526245,,,
2026-02-12 15:00:00+00:00,272.1600036621094,272.2300109863281,270.05999755859375,270.2550048828125,1734081,468644069.1221924,,,
2026-02-12 15:15:00+00:00,270.260009765625,271.75,270.2550048828125,271.25,1405441,381225871.25,,,
2026-02-12 15:30:00+00:00,271.260009765625,271.75,270.8999938964844,270.9288024902344,865645,234528163.23165894,,,
2026-02-12 15:45:00+00:00,270.88958740234375,271.18499755859375,268.1300048828125,268.17999267578125,1550488,415809860.4838867,,,
2026-02-12 16:00:00+00:00,268.1730041503906,268.239990234375,267.3900146484375,267.9599914550781,1435469,384648260.97402954,,,
2026-02-12 16:15:00+00:00,267.92999267578125,267.94000244140625,266.1499938964844,266.1700134277344,1553934,413610633.645813,,,
2026-02-12 16:30:00+00:00,266.19000244140625,267.0400085449219,265.57000732421875,265.6099853515625,1689751,448814738.3577881,,,
2026-02-12 16:45:00+00:00,265.5950012207031,265.9700012207031,264.6199951171875,265.42999267578125,1270934,337344002.31140137,,,
2026-02-12 17:00:00+00:00,265.4442138671875,265.8500061035156,264.6199951171875,264.739990234375,979431,259294553.37524414,,,
2026-02-12 17:15:00+00:00,264.7300109863281,264.8599853515625,264.4200134277344,264.6000061035156,777285,205669615.74417114,,,
2026-02-12 17:30:00+00:00,264.57000732421875,264.6499938964844,263.3999938964844,263.5400085449219,1342357,353764775.2503357,,,
2026-02-12 17:45:00+00:00,263.55999755859375,263.5799865722656,261.5299987792969,261.77899169921875,1650508,432068320.03149414,,,
2026-02-12 18:00:00+00:00,261.7900085449219,262.9798889160156,260.860107421875,260.8900146484375,2431940,634468862.2241211,,,
2026-02-12 18:15:00+00:00,260.8901062011719,262.4800109863281,260.17999267578125,262.3299865722656,1722501,451863664.2007141,,,
2026-02-12 18:30:00+00:00,262.30999755859375,262.57501220703125,261.5,262.32000732421875,1023482,268479805.73620605,,,
2026-02-12 18:45:00+00:00,262.32000732421875,262.3900146484375,261.2300109863281,261.7349853515625,1017038,266194426.03198242,,,
2026-02-12 19:00:00+00:00,261.7099914550781,262.1199951171875,261.2799987792969,261.3367919921875,933935,244071576.82922363,,,
2026-02-12 19:15:00+00:00,261.3599853515625,262.6700134277344,261.3500061035156,261.7799987792969,1033239,270481304.1587219,,,
2026-02-12 19:30:00+00:00,261.7699890136719,262.1611022949219,261.4800109863281,261.6400146484375,903671,236436493.67736816,,,
2026-02-12 19:45:00+00:00,261.6600036621094,262.44000244140625,261.510009765625,262.04998779296875,1002772,262776390.35913086,,,
2026-02-12 20:00:00+00:00,262.05999755859375,262.489990234375,261.6000061035156,262.0,952586,249577532.0,,,
2026-02-12 20:15:00+00:00,262.0050048828125,262.0299987792969,261.1000061035156,261.489990234375,1059313,276999746.0251465,,,
2026-02-12 20:30:00+00:00,261.4800109863281,261.7200012207031,260.70001220703125,260.75,1277504,333109168.0,,,
2026-02-12 20:45:00+00:00,260.7449951171875,262.510009765625,260.2799987792969,261.5899963378906,4361314,1140876113.288391,,,
2026-02-13 14:30:00+00:00,262.010009765625,262.2300109863281,258.79998779296875,259.5199890136719,5998022,1556606603.5437622,,,
2026-02-13 14:45:00+00:00,259.510009765625,260.9800109863281,258.82000732421875,259.3299865722656,1631418,423075608.03375244,,,
2026-02-13 15:00:00+00:00,259.30999755859375,260.70001220703125,258.8800048828125,260.0199890136719,1218850,316925363.60931396,,,
2026-02-13 15:15:00+00:00,260.04998779296875,260.82000732421875,259.32000732421875,260.5950012207031,954964,248858844.74572754,,,
2026-02-13 15:30:00+00:00,260.5799865722656,261.489990234375,259.45001220703125,259.4895935058594,1041244,270191982.30041504,,,
2026-02-13 15:45:00+00:00,259.57000732421875,259.8399963378906,258.3699951171875,259.3900146484375,917549,238003048.55065918,,,
2026-02-13 16:00:00+00:00,259.42999267578125,259.760009765625,258.94000244140625,259.3349914550781,777148,201541669.93933105,,,
2026-02-13 16:15:00+00:00,259.3450012207031,259.7799987792969,258.69500732421875,259.2875061035156,661458,171507795.21221924,,,
2026-02-13 16:30:00+00:00,259.2984924316406,259.6199951171875,258.6000061035156,259.45001220703125,651923,169141430.30804443,,,
2026-02-13 16:45:00+00:00,259.4800109863281,259.7799987792969,259.1499938964844,259.17999267578125,558760,144819412.70751953,,,
2026-02-13 17:00:00+00:00,259.20001220703125,259.8699951171875,258.8900146484375,259.8450012207031,499412,129769711.74963379,,,
2026-02-13 17:15:00+00:00,259.8599853515625,260.2099914550781,259.5899963378906,259.5899963378906,605411,157158639.2729187,,,
2026-02-13 17:30:00+00:00,259.5899963378906,260.2699890136719,259.5,260.1000061035156,581671,151292630.65023804,,,
2026-02-13 17:45:00+00:00,260.1199951171875,260.17999267578125,259.0249938964844,259.0450134277344,831719,215452659.5231018,,,
2026-02-13 18:00:00+00:00,259.0450134277344,259.20001220703125,258.7699890136719,259.05999755859375,582278,150844937.25842285,,,
2026-02-13 18:15:00+00:00,259.04998779296875,259.489990234375,258.79998779296875,258.9100036621094,6336450,1640570292.704773,,,
2026-02-13 18:30:00+00:00,258.94000244140625,259.20001220703125,258.79998779296875,258.9729919433594,505503,130911624.346344,,,
2026-02-13 18:45:00+00:00,258.9849853515625,259.30999755859375,258.5799865722656,258.70001220703125,832506,215369312.36242676,,,
2026-02-13 19:00:00+00:00,258.7101135253906,259.0199890136719,258.6000061035156,258.82000732421875,552100,142894526.04370117,,,
2026-02-13 19:15:00+00:00,258.8100891113281,258.9800109863281,258.2799987792969,258.4599914550781,511506,132203836.38922119,,,
2026-02-13 19:30:00+00:00,258.4800109863281,258.5899963378906,257.9601135253906,258.0451965332031,686220,177075774.76501465,,,
2026-02-13 19:45:00+00:00,258.0299987792969,258.7300109863281,257.92999267578125,258.1099853515625,629729,162539342.9654541,,,
2026-02-13 20:00:00+00:00,258.1050109863281,258.5398864746094,257.5199890136719,257.5199890136719,1012689,260787660.15426636,,,
2026-02-13 20:15:00+00:00,257.5400085449219,257.70001220703125,255.8173065185547,255.91000366210938,1650654,422418871.1848755,,,
2026-02-13 20:30:00+00:00,255.91000366210938,256.2099914550781,255.4499969482422,255.875,1930916,494073131.5,,,
2026-02-13 20:45:00+00:00,255.8800048828125,256.6600036621094,255.58999633789062,255.82000732421875,4790010,1225380393.283081,,,
2026-02-17 14:30:00+00:00,258.04998779296875,259.6700134277344,255.55299377441406,258.9599914550781,3974724,1029294493.076294,,,
2026-02-17 14:45:00+00:00,258.94000244140625,259.7200012207031,258.17999267578125,258.6000061035156,1363490,352598522.3220825,,,
2026-02-17 15:00:00+00:00,258.55499267578125,260.0,258.43499755859375,259.81500244140625,1101113,286085676.78326416,,,
2026-02-17 15:15:00+00:00,259.7900085449219,261.3900146484375,259.4100036621094,259.6400146484375,1656805,430172874.4696045,,,
2026-02-17 15:30:00+00:00,259.6300048828125,259.9549865722656,258.9700012207031,259.75,3950590,1026165752.5,,,
2026-02-17 15:45:00+00:00,259.7300109863281,260.1400146484375,258.82000732421875,259.1481018066406,944377,244733506.93984985,,,
2026-02-17 16:00:00+00:00,259.1700134277344,260.42999267578125,258.739990234375,260.4049987792969,820088,213555014.63891602,,,
2026-02-17 16:15:00+00:00,260.44000244140625,260.9800109863281,260.04010009765625,260.2650146484375,812266,211404422.38842773,,,
2026-02-17 16:30:00+00:00,260.2550048828125,260.8800048828125,259.92999267578125,260.3800048828125,710012,184872928.02685547,,,
2026-02-17 16:45:00+00:00,260.4100036621094,261.7298889160156,260.17999267578125,261.4700012207031,687052,179643487.27868652,,,
2026-02-17 17:00:00+00:00,261.44500732421875,262.2300109863281,261.1600036621094,261.739990234375,913014,238972275.44384766,,,
2026-02-17 17:15:00+00:00,261.739990234375,261.94000244140625,261.25,261.84991455078125,826157,216329139.8555298,,,
2026-02-17 17:30:00+00:00,261.8500061035156,262.4700012207031,261.2099914550781,261.2200012207031,770487,201266615.0805359,,,
2026-02-17 17:45:00+00:00,261.20001220703125,262.739990234375,260.9100036621094,262.2850036621094,1003196,263123266.53381348,,,
2026-02-17 18:00:00+00:00,262.2799987792969,262.8500061035156,262.07000732421875,262.2200012207031,833835,218648214.717865,,,
2026-02-17 18:15:00+00:00,262.20001220703125,263.67999267578125,262.0685119628906,263.3999938964844,788264,207628732.78881836,,,
2026-02-17 18:30:00+00:00,263.4599914550781,265.1000061035156,263.32000732421875,264.9700012207031,1111518,294518925.8168335,,,
2026-02-17 18:45:00+00:00,264.9549865722656,266.1099853515625,264.8299865722656,265.8114929199219,1400917,372379839.2268982,,,
2026-02-17 19:00:00+00:00,265.79998779296875,266.2900085449219,265.4901123046875,265.6400146484375,938358,249265432.86547852,,,
2026-02-17 19:15:00+00:00,265.6700134277344,265.92999267578125,265.19000244140625,265.2850036621094,713882,189382188.98431396,,,
2026-02-17 19:30:00+00:00,265.260009765625,265.8699951171875,265.20001220703125,265.8500061035156,546525,145293674.58572388,,,
2026-02-17 19:45:00+00:00,265.82000732421875,266.14990234375,264.989990234375,265.19000244140625,854737,226667707.11676025,,,
2026-02-17 20:00:00+00:00,265.20001220703125,265.5398864746094,264.760009765625,264.95001220703125,624284,165404053.4206543,,,
2026-02-17 20:15:00+00:00,264.9400939941406,265.010009765625,264.0201110839844,264.2900085449219,800066,211449449.97650146,,,
2026-02-17 20:30:00+00:00,264.2950134277344,264.4100036621094,263.5899963378906,264.2699890136719,924613,244347467.3518982,,,
2026-02-17 20:45:00+00:00,264.2799987792969,264.5299987792969,262.5,263.75,3253591,858134626.25,,,
2026-02-18 14:30:00+00:00,263.5,264.9100036621094,262.7200012207031,263.3949890136719,4726577,1244956696.9872742,,,
2026-02-18 14:45:00+00:00,263.4200134277344,264.55999755859375,262.45001220703125,264.210205078125,1090094,288013959.2944336,,,
2026-02-18 15:00:00+00:00,264.2099914550781,265.1000061035156,263.7699890136719,264.5400085449219,1062867,281170845.2621155,,,
2026-02-18 15:15:00+00:00,264.5799865722656,265.6499938964844,264.510009765625,265.398193359375,918241,243699502.46850586,,,
2026-02-18 15:30:00+00:00,265.3900146484375,265.75,265.04998779296875,265.67999267578125,691804,183798481.65307617,,,
2026-02-18 15:45:00+00:00,265.70001220703125,265.95001220703125,265.0400085449219,265.1600036621094,618097,163894602.78353882,,,
2026-02-18 16:00:00+00:00,265.15509033203125,265.6499938964844,265.1000061035156,265.19500732421875,533014,141352651.63391113,,,
2026-02-18 16:15:00+00:00,265.20001220703125,266.0899963378906,265.1650085449219,266.0400085449219,529829,140955711.6873474,,,
2026-02-18 16:30:00+00:00,266.0249938964844,266.82000732421875,265.92999267578125,266.0,588112,156437792.0,,,
2026-02-18 16:45:00+00:00,266.0,266.0199890136719,265.1700134277344,265.1700134277344,501467,132974011.12356567,,,
2026-02-18 17:00:00+00:00,265.20001220703125,266.0,265.20001220703125,265.4201965332031,419023,111217167.01193237,,,
2026-02-18 17:15:00+00:00,265.4100036621094,265.6709899902344,265.3299865722656,265.4200134277344,332163,88162707.92019653,,,
2026-02-18 17:30:00+00:00,265.4100036621094,265.54998779296875,265.0,265.093994140625,360571,95585206.5612793,,,
2026-02-18 17:45:00+00:00,265.1199951171875,265.6400146484375,265.07000732421875,265.260009765625,333002,88332113.77197266,,,
2026-02-18 18:00:00+00:00,265.25,265.7799987792969,265.17999267578125,265.7149963378906,338817,90028757.91421509,,,
2026-02-18 18:15:00+00:00,265.7300109863281,265.9599914550781,265.30999755859375,265.39990234375,303028,80423601.60742188,,,
2026-02-18 18:30:00+00:00,265.3800048828125,265.5790100097656,264.8299865722656,265.1199951171875,379856,100707420.86523438,,,
2026-02-18 18:45:00+00:00,265.1300048828125,265.20001220703125,264.739990234375,265.0736083984375,306722,81303907.31518555,,,
2026-02-18 19:00:00+00:00,265.081787109375,265.1000061035156,264.6300048828125,264.6499938964844,317585,84048868.31161499,,,
2026-02-18 19:15:00+00:00,264.6449890136719,264.8999938964844,264.52301025390625,264.57000732421875,308398,81592861.11877441,,,
2026-02-18 19:30:00+00:00,264.5950012207031,264.6299133300781,263.7601013183594,264.019287109375,382922,101098793.4584961,,,
2026-02-18 19:45:00+00:00,264.010009765625,264.3500061035156,263.57000732421875,263.743408203125,390442,102976503.78564453,,,
2026-02-18 20:00:00+00:00,263.79998779296875,264.0,263.2099914550781,263.6099853515625,532556,140387079.35888672,,,
2026-02-18 20:15:00+00:00,263.6296081542969,263.8500061035156,263.3900146484375,263.739990234375,421553,111180384.10327148,,,
2026-02-18 20:30:00+00:00,263.739990234375,264.2200012207031,263.739990234375,264.1600036621094,468267,123697412.43484497,,,
2026-02-18 20:45:00+00:00,264.1600036621094,265.5299987792969,264.0830078125,264.32000732421875,2636852,696972739.9528809,,,
2026-02-19 14:30:00+00:00,262.6000061035156,264.319091796875,262.2900085449219,263.7200012207031,2343020,617901237.2601318,,,
2026-02-19 14:45:00+00:00,263.7250061035156,264.3500061035156,263.29998779296875,263.7799987792969,708817,186971747.39474487,,,
2026-02-19 15:00:00+00:00,263.7699890136719,264.1449890136719,262.8500061035156,262.9649963378906,766143,201468791.18930054,,,
2026-02-19 15:15:00+00:00,262.989990234375,263.77679443359375,262.7701110839844,262.8699951171875,554747,145826341.1812744,,,
2026-02-19 15:30:00+00:00,262.8800048828125,264.07501220703125,262.7601013183594,263.82000732421875,465008,122678413.96582031,,,
2026-02-19 15:45:00+00:00,263.8179931640625,264.0,263.1700134277344,263.8299865722656,453568,119664839.34960938,,,
2026-02-19 16:00:00+00:00,263.8299865722656,263.9119873046875,263.0299987792969,263.7200012207031,356367,93981105.67501831,,,
2026-02-19 16:15:00+00:00,263.7200012207031,264.4800109863281,263.57000732421875,263.6199951171875,451819,119108522.57385254,,,
2026-02-19 16:30:00+00:00,263.6700134277344,264.1400146484375,263.3299865722656,263.3599853515625,468423,123363874.41833496,,,
2026-02-19 16:45:00+00:00,263.3399963378906,263.57989501953125,262.9700012207031,263.1199951171875,486464,127998405.3046875,,,
2026-02-19 17:00:00+00:00,263.1700134277344,263.20001220703125,262.6900939941406,263.04998779296875,478253,125804445.81195068,,,
2026-02-19 17:15:00+00:00,263.04998779296875,263.5299987792969,262.90008544921875,262.94000244140625,352852,92778905.74145508,,,
2026-02-19 17:30:00+00:00,262.8999938964844,263.05999755859375,262.6000061035156,262.760009765625,265972,69886805.31738281,,,
2026-02-19 17:45:00+00:00,262.7887878417969,262.79998779296875,261.9949951171875,262.0799865722656,288749,75675334.04275513,,,
2026-02-19 18:00:00+00:00,262.0799865722656,262.2900085449219,261.7550048828125,262.17999267578125,350728,91953864.4711914,,,
2026-02-19 18:15:00+00:00,262.20001220703125,262.20001220703125,261.4200134277344,261.7699890136719,332351,86999517.61868286,,,
2026-02-19 18:30:00+00:00,261.739990234375,261.9750061035156,261.5199890136719,261.6199951171875,327617,85711157.94030762,,,
2026-02-19 18:45:00+00:00,261.6099853515625,262.368896484375,261.6050109863281,262.3406066894531,263341,69085037.70620728,,,
2026-02-19 19:00:00+00:00,262.31500244140625,262.31500244140625,261.5199890136719,261.7090148925781,353622,92546065.26434326,,,
2026-02-19 19:15:00+00:00,261.70001220703125,262.0,261.5,261.5400085449219,259239,67801370.275177,,,
2026-02-19 19:30:00+00:00,261.510009765625,261.6700134277344,260.6000061035156,260.7699890136719,459675,119869444.69985962,,,
2026-02-19 19:45:00+00:00,260.7799987792969,260.9049987792969,260.2699890136719,260.4100036621094,508616,132448694.42260742,,,
2026-02-19 20:00:00+00:00,260.3999938964844,261.1700134277344,260.30999755859375,260.95001220703125,582469,151995292.6602173,,,
2026-02-19 20:15:00+00:00,260.94500732421875,261.022705078125,260.5899963378906,260.760009765625,403569,105234656.38110352,,,
2026-02-19 20:30:00+00:00,260.760009765625,260.90960693359375,260.04998779296875,260.3901062011719,594912,154909198.86035156,,,
2026-02-19 20:45:00+00:00,260.3949890136719,261.29998779296875,260.1700134277344,260.510009765625,2361803,615273322.5944824,,,
2026-02-20 14:30:00+00:00,258.9549865722656,260.25,258.1600036621094,259.8988952636719,3547086,921883732.8052368,,,
2026-02-20 14:45:00+00:00,259.8800048828125,259.93499755859375,258.5,259.6000061035156,975938,253353510.75665283,,,
2026-02-20 15:00:00+00:00,259.7149963378906,262.3500061035156,259.5,261.0799865722656,1621383,423310651.86849976,,,
2026-02-20 15:15:00+00:00,261.03009033203125,261.6899108886719,260.2200012207031,260.57049560546875,823089,214472708.65740967,,,
2026-02-20 15:30:00+00:00,260.54998779296875,262.4432067871094,260.2773132324219,262.375,731328,191882184.0,,,
2026-02-20 15:45:00+00:00,262.3999938964844,263.260009765625,262.1700134277344,262.54998779296875,949379,249259444.86090088,,,
2026-02-20 16:00:00+00:00,262.55999755859375,262.8030090332031,262.1400146484375,262.260009765625,700038,183591972.7163086,,,
2026-02-20 16:15:00+00:00,262.29998779296875,262.49798583984375,261.3900146484375,261.42999267578125,579291,151444041.887146,,,
2026-02-20 16:30:00+00:00,261.4200134277344,263.4200134277344,261.2300109863281,263.3700866699219,974416,256632026.3725586,,,
2026-02-20 16:45:00+00:00,263.3699951171875,264.75,263.29998779296875,264.2699890136719,918928,242845092.46435547,,,
2026-02-20 17:00:00+00:00,264.2900085449219,264.5450134277344,262.67999267578125,262.7550048828125,603104,158468594.46484375,,,
2026-02-20 17:15:00+00:00,262.67999267578125,262.67999267578125,261.5400085449219,262.29998779296875,582031,152666724.1951294,,,
2026-02-20 17:30:00+00:00,262.2695007324219,262.4700012207031,261.6099853515625,262.1600036621094,458397,120173359.19869995,,,
2026-02-20 17:45:00+00:00,262.1199951171875,263.1199951171875,261.8599853515625,263.1199951171875,654710,172267292.00317383,,,
2026-02-20 18:00:00+00:00,263.1000061035156,263.7300109863281,263.03961181640625,263.6600036621094,482348,127175875.44641113,,,
2026-02-20 18:15:00+00:00,263.6700134277344,263.92999267578125,263.2225036621094,263.6099853515625,418733,110382199.99621582,,,
2026-02-20 18:30:00+00:00,263.57501220703125,264.7099914550781,263.1600036621094,264.2799987792969,732680,193632669.50561523,,,
2026-02-20 18:45:00+00:00,264.2843017578125,264.7300109863281,263.7699890136719,264.2300109863281,421187,111290245.63729858,,,
2026-02-20 19:00:00+00:00,264.2349853515625,264.42999267578125,263.8100891113281,263.8800964355469,238126,62836711.843811035,,,
2026-02-20 19:15:00+00:00,263.8999938964844,264.4800109863281,263.7200012207031,264.42999267578125,310265,82043371.67755127,,,
2026-02-20 19:30:00+00:00,264.44000244140625,264.7099914550781,263.8922119140625,263.90020751953125,447949,118213834.0581665,,,
2026-02-20 19:45:00+00:00,263.9100036621094,264.30999755859375,263.6000061035156,264.1759948730469,394435,104200258.53775024,,,
2026-02-20 20:00:00+00:00,264.17999267578125,264.7099914550781,264.1000061035156,264.6099853515625,471411,124740057.80456543,,,
2026-02-20 20:15:00+00:00,264.625,264.65008544921875,263.2850036621094,263.3301086425781,573652,151059843.48303223,,,
2026-02-20 20:30:00+00:00,263.3450012207031,263.6600036621094,263.0899963378906,263.659912109375,538534,141989827.10791016,,,
2026-02-20 20:45:00+00:00,263.6300048828125,264.7449951171875,263.60009765625,264.5899963378906,13001830,3440154152.0858765,,,
2026-02-23 14:30:00+00:00,263.489990234375,266.8598937988281,263.3810119628906,264.3951110839844,2367687,626004867.3771057,,,
2026-02-23 14:45:00+00:00,264.44000244140625,265.1300048828125,264.20001220703125,264.9200134277344,861086,228118914.68243408,,,
2026-02-23 15:00:00+00:00,264.9100036621094,266.07000732421875,264.568115234375,265.43011474609375,3616129,959829535.4066772,,,
2026-02-23 15:15:00+00:00,265.5,267.739990234375,265.2900085449219,267.04998779296875,3013190,804672352.7178955,,,
2026-02-23 15:30:00+00:00,267.0899963378906,267.5299072265625,266.6300048828125,266.78509521484375,458029,122195310.37615967,,,
2026-02-23 15:45:00+00:00,266.79998779296875,267.2799987792969,266.5799865722656,266.7950134277344,3510914,936694347.7736206,,,
2026-02-23 16:00:00+00:00,266.8450012207031,266.8699951171875,264.75,264.8500061035156,3776921,1000317549.9024963,,,
2026-02-23 16:15:00+00:00,264.83990478515625,266.69000244140625,264.80999755859375,266.5899963378906,683292,182158811.77770996,,,
2026-02-23 16:30:00+00:00,266.57000732421875,266.7099914550781,266.1700134277344,266.6099853515625,4312772,1149828079.744629,,,
2026-02-23 16:45:00+00:00,266.6499938964844,266.8500061035156,265.8399963378906,266.06500244140625,371363,98806697.50164795,,,
2026-02-23 17:00:00+00:00,266.05999755859375,266.8840026855469,265.9700012207031,266.4849853515625,507209,135163582.93518066,,,
2026-02-23 17:15:00+00:00,266.5299987792969,267.34588623046875,266.3599853515625,267.1297912597656,502533,134241535.3911438,,,
2026-02-23 17:30:00+00:00,267.10699462890625,268.0400085449219,266.8612060546875,267.7799987792969,667319,178694681.0054016,,,
2026-02-23 17:45:00+00:00,267.7900085449219,268.2843933105469,267.4100036621094,268.1499938964844,626953,168117443.12338257,,,
2026-02-23 18:00:00+00:00,268.1400146484375,268.9299011230469,268.05999755859375,268.8500061035156,679636,182720142.74816895,,,
2026-02-23 18:15:00+00:00,268.8349914550781,269.3699951171875,268.79010009765625,269.3349914550781,5830873,1570458129.6306458,,,
2026-02-23 18:30:00+00:00,269.3399963378906,269.42999267578125,268.8999938964844,269.0010070800781,5950130,1600590962.2573853,,,
2026-02-23 18:45:00+00:00,269.010009765625,269.1000061035156,268.010009765625,268.07000732421875,566283,151803487.95758057,,,
2026-02-23 19:00:00+00:00,268.0899963378906,268.135009765625,267.6400146484375,267.7200012207031,720191,192809535.3991394,,,
2026-02-23 19:15:00+00:00,267.7200012207031,267.8699035644531,267.25,267.29998779296875,474101,126727191.51263428,,,
2026-02-23 19:30:00+00:00,267.2701110839844,267.3299865722656,266.5299987792969,266.6400146484375,7525109,2006495173.9910889,,,
2026-02-23 19:45:00+00:00,266.6400146484375,266.92999267578125,266.44000244140625,266.6300048828125,375608,100148362.87402344,,,
2026-02-23 20:00:00+00:00,266.6300048828125,266.7569885253906,266.2799987792969,266.69000244140625,501306,133693298.3638916,,,
2026-02-23 20:15:00+00:00,266.67498779296875,267.0199890136719,266.4800109863281,266.7799987792969,7799651,2080790884.2589417,,,
2026-02-23 20:30:00+00:00,266.80999755859375,267.04998779296875,266.4200134277344,266.7099914550781,622445,166012300.6312561,,,
2026-02-23 20:45:00+00:00,266.7200012207031,267.20001220703125,265.989990234375,266.3900146484375,1828373,487060310.2528076,,,
2026-02-24 14:30:00+00:00,268.0,274.239990234375,267.739990234375,274.19500732421875,4107259,1126189911.5874634,,,
2026-02-24 14:45:00+00:00,274.20001220703125,274.8900146484375,273.6300048828125,274.05999755859375,4269458,1170087649.0565186,,,
2026-02-24 15:00:00+00:00,274.0450134277344,274.6700134277344,272.92999267578125,272.9700012207031,988769,269904275.1369934,,,
2026-02-24 15:15:00+00:00,273.010009765625,274.05999755859375,272.70001220703125,273.6700134277344,4035808,1104479629.5517578,,,
2026-02-24 15:30:00+00:00,273.67999267578125,274.29998779296875,272.3599853515625,274.125,5514580,1511684242.5,,,
2026-02-24 15:45:00+00:00,274.114990234375,274.4299011230469,273.8500061035156,273.94989013671875,513765,140745865.3060913,,,
2026-02-24 16:00:00+00:00,273.93499755859375,274.82000732421875,273.43011474609375,274.45001220703125,5319595,1459962912.6864624,,,
2026-02-24 16:15:00+00:00,274.44000244140625,274.6549987792969,273.1400146484375,273.2200012207031,6469995,1767732041.797943,,,
2026-02-24 16:30:00+00:00,273.2250061035156,273.239990234375,272.47589111328125,272.6199035644531,413207,112648452.49215698,,,
2026-02-24 16:45:00+00:00,272.6099853515625,273.17999267578125,272.42010498046875,272.5199890136719,6813447,1856800501.5852356,,,
2026-02-24 17:00:00+00:00,272.45001220703125,272.8699951171875,271.989990234375,272.4179992675781,846684,230651961.29187012,,,
2026-02-24 17:15:00+00:00,272.3999938964844,272.7499084472656,272.1650085449219,272.510009765625,453040,123457934.82421875,,,
2026-02-24 17:30:00+00:00,272.489990234375,272.5,271.82000732421875,271.94000244140625,404886,110104699.82849121,,,
2026-02-24 17:45:00+00:00,271.92999267578125,272.7900085449219,271.8900146484375,272.2900085449219,405629,110448723.87606812,,,
2026-02-24 18:00:00+00:00,272.29998779296875,272.67999267578125,272.05999755859375,272.2200012207031,454602,123751756.99493408,,,
2026-02-24 18:15:00+00:00,272.214111328125,272.214111328125,271.5950012207031,271.5950012207031,376808,102339169.2199707,,,
2026-02-24 18:30:00+00:00,271.6000061035156,272.3699951171875,271.3699951171875,272.3500061035156,484822,132041274.65911865,,,
2026-02-24 18:45:00+00:00,272.3550109863281,272.54998779296875,271.95001220703125,271.9599914550781,484566,131782565.21942139,,,
2026-02-24 19:00:00+00:00,271.9549865722656,272.2699890136719,271.7799987792969,271.9501037597656,451541,122796621.80178833,,,
2026-02-24 19:15:00+00:00,271.9800109863281,272.3349914550781,271.739990234375,272.2900085449219,450846,122760861.19244385,,,
2026-02-24 19:30:00+00:00,272.2799987792969,272.5400085449219,271.9100036621094,272.510009765625,420339,114546584.99487305,,,
2026-02-24 19:45:00+00:00,272.5299987792969,272.7200012207031,272.25,272.63299560546875,530102,144523296.2364502,,,
2026-02-24 20:00:00+00:00,272.6499938964844,272.6700134277344,271.5299987792969,271.6600036621094,483248,131279153.44970703,,,
2026-02-24 20:15:00+00:00,271.6700134277344,272.2049865722656,271.3800048828125,271.909912109375,688390,187180064.39697266,,,
2026-02-24 20:30:00+00:00,271.9100036621094,272.20001220703125,271.4800109863281,272.125,534658,145493808.25,,,
2026-02-24 20:45:00+00:00,272.1099853515625,272.4299011230469,271.9700012207031,272.1700134277344,12793748,3482074564.95105,,,
2026-02-25 14:30:00+00:00,271.67999267578125,272.6300048828125,271.04998779296875,272.2300109863281,2708600,737362207.7575684,,,
2026-02-25 14:45:00+00:00,272.29998779296875,274.0,272.2900085449219,273.93499755859375,1189208,325765690.57666016,,,
2026-02-25 15:00:00+00:00,273.94000244140625,274.0799865722656,272.3399963378906,272.9649963378906,2485515,678458592.8727722,,,
2026-02-25 15:15:00+00:00,272.9898986816406,273.6400146484375,272.6700134277344,273.6300048828125,2044409,559411644.6524658,,,
2026-02-25 15:30:00+00:00,273.6300048828125,273.9599914550781,273.1499938964844,273.3999938964844,586043,160224152.6230774,,,
2026-02-25 15:45:00+00:00,273.4200134277344,273.6600036621094,272.9200134277344,273.54010009765625,2675091,731744659.9103394,,,
2026-02-25 16:00:00+00:00,273.5400085449219,274.58990478515625,273.5299987792969,274.2300109863281,863495,236796243.3366394,,,
2026-02-25 16:15:00+00:00,274.19000244140625,274.4010009765625,273.840087890625,273.9649963378906,3170430,868586843.3395386,,,
2026-02-25 16:30:00+00:00,273.9150085449219,274.06988525390625,272.9599914550781,273.3500061035156,6274176,1715046047.8945312,,,
2026-02-25 16:45:00+00:00,273.3810119628906,273.614990234375,273.0899963378906,273.4150085449219,3492929,955019212.3818054,,,
2026-02-25 17:00:00+00:00,273.3999938964844,273.8399963378906,273.2099914550781,273.7850036621094,355412,97306475.72155762,,,
2026-02-25 17:15:00+00:00,273.75,273.9599914550781,273.5,273.6099853515625,426423,116673590.78356934,,,
2026-02-25 17:30:00+00:00,273.6099853515625,274.3999938964844,273.4200134277344,274.3399963378906,411373,112856067.31350708,,,
2026-02-25 17:45:00+00:00,274.3399963378906,274.42999267578125,274.0299987792969,274.2149963378906,361913,99241971.96963501,,,
2026-02-25 18:00:00+00:00,274.2250061035156,274.3500061035156,273.9599914550781,274.0199890136719,316735,86791721.22024536,,,
2026-02-25 18:15:00+00:00,274.04998779296875,274.6300048828125,274.010009765625,274.3500061035156,432498,118655828.9397583,,,
2026-02-25 18:30:00+00:00,274.3299865722656,274.5899963378906,274.2200012207031,274.5,370614,101733543.0,,,
2026-02-25 18:45:00+00:00,274.510009765625,274.75,274.32000732421875,274.6099853515625,394701,108388835.82824707,,,
2026-02-25 19:00:00+00:00,274.6199951171875,274.94000244140625,274.3699951171875,274.8299865722656,4932540,1355609901.967163,,,
2026-02-25 19:15:00+00:00,274.8299865722656,274.92999267578125,274.17999267578125,274.4100036621094,254950,69960830.43365479,,,
2026-02-25 19:30:00+00:00,274.4100036621094,274.5400085449219,274.19000244140625,274.239990234375,5102701,1399364672.4089355,,,
2026-02-25 19:45:00+00:00,274.2200012207031,274.2200012207031,273.260009765625,273.2900085449219,334610,91445569.75921631,,,
2026-02-25 20:00:00+00:00,273.260009765625,273.8599853515625,273.2099914550781,273.7799987792969,506828,138759369.22131348,,,
2026-02-25 20:15:00+00:00,273.7898864746094,273.9309997558594,273.4200134277344,273.75,5565249,1523486913.75,,,
2026-02-25 20:30:00+00:00,273.7200012207031,274.2200012207031,273.625,273.9700927734375,567012,155344330.24365234,,,
2026-02-25 20:45:00+00:00,273.9700012207031,274.7200012207031,273.9599914550781,274.17999267578125,1855711,508798828.3883667,,,
2026-02-26 14:30:00+00:00,274.9549865722656,276.1099853515625,273.20001220703125,274.510009765625,2119083,581709495.0241699,,,
2026-02-26 14:45:00+00:00,274.5299987792969,275.0199890136719,273.45001220703125,273.875,2478858,678897234.75,,,
2026-02-26 15:00:00+00:00,273.8900146484375,274.1499938964844,272.5,272.5599060058594,2481950,676480058.7112427,,,
2026-02-26 15:15:00+00:00,272.5,272.6700134277344,270.8399963378906,272.0,805242,219025824.0,,,
2026-02-26 15:30:00+00:00,271.9200134277344,272.1401062011719,271.0799865722656,271.42999267578125,926788,251558060.05200195,,,
2026-02-26 15:45:00+00:00,271.4700012207031,271.79998779296875,270.80999755859375,270.9700012207031,6770075,1834487231.0142517,,,
2026-02-26 16:00:00+00:00,270.9949951171875,272.1600036621094,270.7950134277344,272.1600036621094,3657584,995448074.8344727,,,
2026-02-26 16:15:00+00:00,272.1549987792969,272.78509521484375,271.94000244140625,272.5400085449219,504127,137394776.88772583,,,
2026-02-26 16:30:00+00:00,272.5299987792969,272.7300109863281,271.6400146484375,272.0801086425781,381709,103855426.18984985,,,
2026-02-26 16:45:00+00:00,272.07000732421875,272.42498779296875,271.5126953125,271.93499755859375,4350698,1183107050.0081787,,,
2026-02-26 17:00:00+00:00,271.94000244140625,272.1913146972656,271.6700134277344,271.80999755859375,4505850,1224735077.4993896,,,
2026-02-26 17:15:00+00:00,271.82501220703125,271.8900146484375,271.5400085449219,271.760009765625,177972,48365672.45800781,,,
2026-02-26 17:30:00+00:00,271.7550048828125,272.0249938964844,271.2900085449219,271.4570007324219,263971,71656775.94033813,,,
2026-02-26 17:45:00+00:00,271.42999267578125,271.42999267578125,270.9429931640625,271.19000244140625,4764339,1292041105.041687,,,
2026-02-26 18:00:00+00:00,271.1700134277344,271.489990234375,270.9100036621094,271.4200134277344,304395,82618894.9873352,,,
2026-02-26 18:15:00+00:00,271.4200134277344,271.79998779296875,271.260009765625,271.3900146484375,293534,79662196.55981445,,,
2026-02-26 18:30:00+00:00,271.4100036621094,271.8900146484375,270.8529968261719,271.75,5923168,1609620904.0,,,
2026-02-26 18:45:00+00:00,271.7764892578125,272.19000244140625,271.6400146484375,272.17498779296875,313999,85462673.9920044,,,
2026-02-26 19:00:00+00:00,272.1600036621094,272.1600036621094,271.2200012207031,271.989990234375,662815,180279045.37719727,,,
2026-02-26 19:15:00+00:00,271.989990234375,272.94000244140625,271.989990234375,272.79998779296875,443224,120911501.78955078,,,
2026-02-26 19:30:00+00:00,272.80499267578125,273.2200012207031,272.739990234375,273.19000244140625,7093308,1937820829.8376465,,,
2026-02-26 19:45:00+00:00,273.20989990234375,273.5,272.95001220703125,273.0199890136719,494734,135072271.24468994,,,
2026-02-26 20:00:00+00:00,273.010009765625,273.3999938964844,272.7900085449219,272.9100036621094,7434064,2028830433.4643555,,,
2026-02-26 20:15:00+00:00,272.8900146484375,273.010009765625,272.5799865722656,272.6300048828125,397780,108446763.34228516,,,
2026-02-26 20:30:00+00:00,272.6449890136719,272.9800109863281,272.510009765625,272.7900085449219,518517,141446256.86068726,,,
2026-02-26 20:45:00+00:00,272.82000732421875,273.07000732421875,272.20001220703125,272.989990234375,1388143,378949144.013916,,,
2026-02-27 14:30:00+00:00,272.80999755859375,272.80999755859375,268.8699951171875,268.9750061035156,2662389,716116097.5249329,,,
2026-02-27 14:45:00+00:00,268.93011474609375,271.29998779296875,268.760009765625,270.6400146484375,1066501,288637846.26257324,,,
2026-02-27 15:00:00+00:00,270.7149963378906,271.3999938964844,269.4599914550781,269.5199890136719,861362,232154276.77679443,,,
2026-02-27 15:15:00+00:00,269.5299987792969,269.8500061035156,268.29998779296875,268.5050048828125,3856627,1035523651.4661865,,,
2026-02-27 15:30:00+00:00,268.4700927734375,268.9798889160156,268.1919860839844,268.7049865722656,716727,192588118.91098022,,,
2026-02-27 15:45:00+00:00,268.69000244140625,269.13250732421875,268.3800048828125,268.8999938964844,3974662,1068786587.5405884,,,
2026-02-27 16:00:00+00:00,268.8800048828125,269.6400146484375,268.2300109863281,268.4150085449219,620841,166643042.32003784,,,
2026-02-27 16:15:00+00:00,268.4200134277344,269.1300048828125,268.2300109863281,269.05499267578125,4558193,1226404584.2297974,,,
2026-02-27 16:30:00+00:00,269.07000732421875,269.5199890136719,268.8218078613281,268.8299865722656,468843,126039057.39450073,,,
2026-02-27 16:45:00+00:00,268.8550109863281,269.3999938964844,268.55999755859375,268.614990234375,5169025,1388477599.8962402,,,
2026-02-27 17:00:00+00:00,268.62249755859375,269.20001220703125,267.93499755859375,267.9685974121094,342881,91881340.64926147,,,
2026-02-27 17:15:00+00:00,267.9100036621094,268.010009765625,267.2699890136719,267.8841857910156,636530,170516320.78155518,,,
2026-02-27 17:30:00+00:00,267.8699951171875,268.260009765625,267.3406066894531,267.3900146484375,555889,148639167.85290527,,,
2026-02-27 17:45:00+00:00,267.375,267.44500732421875,266.8533935546875,267.1000061035156,469768,125475035.66723633,,,
2026-02-27 18:00:00+00:00,267.0899963378906,267.45989990234375,266.4649963378906,266.4649963378906,553802,147568847.9019165,,,
2026-02-27 18:15:00+00:00,266.4649963378906,266.5299072265625,265.8800048828125,265.9508056640625,6854047,1822839321.7093506,,,
2026-02-27 18:30:00+00:00,265.95001220703125,266.3125,265.8700866699219,266.010009765625,296988,79001780.78027344,,,
2026-02-27 18:45:00+00:00,266.010009765625,266.31500244140625,265.8500061035156,266.1499938964844,418240,111314573.44726562,,,
2026-02-27 19:00:00+00:00,266.19500732421875,266.4800109863281,265.6600036621094,266.135009765625,633204,168517752.7236328,,,
2026-02-27 19:15:00+00:00,266.1600036621094,266.42498779296875,265.4801025390625,265.7300109863281,500202,132918682.9553833,,,
2026-02-27 19:30:00+00:00,265.7300109863281,266.2200012207031,265.2699890136719,265.3999938964844,672190,178399221.89727783,,,
2026-02-27 19:45:00+00:00,265.4200134277344,265.6300048828125,265.260009765625,265.3500061035156,8264952,2193105063.6452637,,,
2026-02-27 20:00:00+00:00,265.3900146484375,266.45001220703125,265.2799987792969,266.45001220703125,489834,130516275.27941895,,,
2026-02-27 20:15:00+00:00,266.4599914550781,266.8999938964844,266.45001220703125,266.6400146484375,774452,206499892.62451172,,,
2026-02-27 20:30:00+00:00,266.6300048828125,266.6300048828125,264.8399963378906,264.864990234375,1553294,411413200.1411133,,,
2026-02-27 20:45:00+00:00,264.8599853515625,265.69000244140625,262.8900146484375,264.1700134277344,7572387,2000397575.4700012,,,
